Workbook

Sheet 2025 KES_전시 공통
B1: 증빙 상세 내역(공통_2025 KES 한국전자전)
B3: 구분 | C3: 항목 | D3: 소항목 | E3: 세부내역 | G3: 인원 | H3: 수량 | I3: 투입률 | J3: 금액 | K3: 비고 | L3: 사진 | M3: 공시된 엔지니어링 업체 노임 단가 기준표
B4: 공간디자인 | C4: 디자인 개발 | D4: ○기획 설계 -공간 기획 및 레이아웃 -투시도 작업 및 수정 보완 -사인 그래픽 2D 작업, 수정 보완 -마감 스펙 제안 | E4: 참여인력 | F4: ='(전시 증빙) 인건비 공통'!D5 -> 고급 기술자 | G4: ='(전시 증빙) 인건비 공통'!F5 -> 2 | H4: ='(전시 증빙) 인건비 공통'!G5 -> 16 | I4: ='(전시 증빙) 인건비 공통'!H5 -> 0.8 | J4: ='(전시 증빙) 인건비 공통'!I5 -> 13715057 | K4: ○기간: 2025.09.05 ~ 2025.09.26 (16일) * 25년 엔지니어링 건설 기술자 노임 단가 기준 (직접인건비, 직접경비, 제경비, 기술료 포함) [공간디자인 및 실시설계] 직접경비: 직접인건비의 10% 제경비: 직접인건비의 20% 기술료: (직접인건비+제경비)의 40%
F5: ='(전시 증빙) 인건비 공통'!D6 -> 중급 기술자 | G5: ='(전시 증빙) 인건비 공통'!F6 -> 1 | H5: ='(전시 증빙) 인건비 공통'!G6 -> 16 | I5: ='(전시 증빙) 인건비 공통'!H6 -> 0.8 | J5: ='(전시 증빙) 인건비 공통'!I6 -> 6471704.1
C6: 디자인 개발 소계 | J6: =SUM(J4:J5) -> 20186761
C7: 디자인 개발 합계 | J7: =TRUNC(J6,-6) -> 20000000
C8: 실시 설계 | D8: ○실시 설계 - 주최국 협의 업무 - 제작 및 도면설계 총괄 - 실시설계도 및 제작물 시공 감리 | E8: 참여인력 | F8: ='(전시 증빙) 인건비 공통'!D9 -> 고급 기술자 | G8: ='(전시 증빙) 인건비 공통'!F9 -> 1 | H8: ='(전시 증빙) 인건비 공통'!G9 -> 11 | I8: ='(전시 증빙) 인건비 공통'!H9 -> 1.2 | J8: ='(전시 증빙) 인건비 공통'!I9 -> 7071826.1 | K8: ○기간: 2025.09.29 ~ 2025.10.20 (11일) * 25년 엔지니어링 건설 기술자 노임 단가 기준 (직접인건비, 직접경비, 제경비, 기술료 포함) [공간디자인 및 실시설계] 직접경비: 직접인건비의 10% 제경비: 직접인건비의 20% 기술료: (직접인건비+제경비)의 40%
F9: ='(전시 증빙) 인건비 공통'!D10 -> 중급 기술자 | G9: ='(전시 증빙) 인건비 공통'!F10 -> 2 | H9: ='(전시 증빙) 인건비 공통'!G10 -> 11 | I9: ='(전시 증빙) 인건비 공통'!H10 -> 1.2 | J9: ='(전시 증빙) 인건비 공통'!I10 -> 13347890
C10: 실시 설계 소계 | J10: =SUM(J8:J9) -> 20419716
C11: 실시 설계 합계 | J11: =TRUNC(J10,-6) -> 20000000
B12: 2025 KES 한국전자전 소계 | J12: =SUM(J7,J11) -> 40000000
B13: 대행수수료 | J13: =J12*17.65% -> 7060000
B14: 2025 KES 한국전자전 총계 | J14: =SUM(J12:J13) -> 47060000

Sheet (전시 증빙) 인건비 공통
B2: 기획 및 디자인 인건비 금액 기준표
J3: *25년 엔지니어링 기술자 및 SW 기술자 노임 단가 기준
B4: 구분 | C4: 항목 | D4: 세부내역 | E4: 투입률 100% 기준 합계 | F4: 인원 | G4: 수량 | H4: 투입률 | I4: 비용 | J4: 비고 | L4: 구분 | M4: 직접인건비 | N4: 직접경비 | O4: 제경비 | P4: 기술료 | Q4: 최종 방향 금액 | R4: ** <참고자료> 「엔지니어링산업 진흥법」 제31조제2항에 따른 엔지니어링사업의 대가의 기준 "실비정액가산방식"
B5: 디자인 개발 | C5: KES 한국전자전 | D5: 고급 기술자 | E5: =VLOOKUP(D5,$L$4:$Q$8,6,FALSE) -> 535744.4 | F5: 2 | G5: 16 | H5: 0.8 | I5: =E5*G5*H5*F5 -> 13715057 | J5: 2025.09.05 ~ 2025.09.26 | L5: 특급 기술자 | M5: 358273 | N5: =M5*0.1 -> 35827.3 | O5: =M5*0.2 -> 71654.6 | P5: =(M5+O5)*0.4 -> 171971.04 | Q5: =SUM(M5:P5) -> 637725.94 | R5: 직접인건비
D6: 중급 기술자 | E6: =VLOOKUP(D6,$L$4:$Q$8,6,FALSE) -> 505601.88 | F6: 1 | G6: 16 | H6: 0.8 | I6: =E6*G6*H6*F6 -> 6471704.1 | L6: 고급 기술자 | M6: 300980 | N6: =M6*0.1 -> 30098 | O6: =M6*0.2 -> 60196 | P6: =(M6+O6)*0.4 -> 144470.4 | Q6: =SUM(M6:P6) -> 535744.4 | R6: 직접경비: 직접인건비의 10%
C7: 소계 | I7: =TRUNC(SUM(I5:I6),-6) -> 20000000 | L7: 중급 기술자 | M7: 284046 | N7: =M7*0.1 -> 28404.6 | O7: =M7*0.2 -> 56809.2 | P7: =(M7+O7)*0.4 -> 136342.08 | Q7: =SUM(M7:P7) -> 505601.88 | R7: 제경비: 직접인건비의 20%
B8: 디자인 개발비 합계 | I8: =SUM(I7) -> 20000000 | L8: 초급 기술자 | M8: 223644 | N8: =M8*0.1 -> 22364.4 | O8: =M8*0.2 -> 44728.8 | P8: =(M8+O8)*0.4 -> 107349.12 | Q8: =SUM(M8:P8) -> 398086.32 | R8: 기술료: (직접인건비+제경비)의 40%
B9: 실시 설계 | C9: KES 한국전자전 | D9: 고급 기술자 | E9: =VLOOKUP(D9,$L$4:$Q$8,6,FALSE) -> 535744.4 | F9: 1 | G9: 11 | H9: 1.2 | I9: =E9*F9*G9*H9 -> 7071826.1 | J9: 2025.09.29 ~ 2025.10.20
D10: 중급 기술자 | E10: =VLOOKUP(D10,$L$4:$Q$8,6,FALSE) -> 505601.88 | F10: 2 | G10: 11 | H10: 1.2 | I10: =E10*F10*G10*H10 -> 13347890 | L10: 투입률 (근로 100% = 1일 8시간) | N10: ** <참고자료> 「근로기준법」 제56조(연장ㆍ야간 및 휴일 근로)에 따른 투입률 기준 산정 방식, 해당 기준 이내 근로 투입
C11: 소계 | I11: =TRUNC(SUM(I9:I10),-6) -> 20000000 | L11: 0.8 | M11: =L11*8 -> 6.4 | N11: 1 | O11: 주간 근로 | P11: 1일 8시간
B12: 실시 설계비 합계 | I12: =SUM(I11) -> 20000000 | L12: 1 | M12: =L12*8 -> 8 | N12: 1.5 | O12: 연장 근로 | P12: 1일 8시간, 주 40시간(법정근로시간)을 초과하는 근로시간으로 소정근로시간을 초과한 근로 / 통상임금의 100분의 50 이상 가산
L13: 1.2 | M13: =L13*8 -> 9.6 | N13: 1.5 | O13: 야간 근로 | P13: 오후 10시 ~ 다음날 오전 6시 사이의 근로 / 통상임금의 100분의 50 이상 가산
N14: 1.75 | O14: 휴일 근로 | P14: 소정근로일이 아닌 휴일(공휴일 포함)에 일한 근로시간 / 8시간 이내의 휴일근로 : 통상임금의 100분의 50 이상 가산, 8시간 초과 휴일근로 : 통상임금의 100분의 100 가산

Sheet 2025 KES_전시 제작
B1: 증빙 상세 내역(전시제작_2025 KES 한국전자전)
B3: 구분 | C3: 항목 | D3: 소항목 | E3: 세부내역 | F3: 단위 | G3: 수량 | H3: 금액 | I3: 현장사진
B4: 1. 집기 제작 | C4: AI HOME(Living Room) | D4: 75" TV 벽장 | E4: [집기 제작] - 1,900X300X2,200 - 30X30 각재 및 12T, 15T 합판 NC 가공 - TV 브라켓 매립 타공 - 지정 펠트 마감 | F4: EA | G4: 1 | H4: 1600000
D5: 65" TV 벽장 | E5: [재활용] - 1,200X300X2,200 - 30X30 각재 및 12T, 15T 합판 NC 가공 - TV 브라켓 매립 타공 - 지정 필름 마감 재시공 | F5: EA | G5: 1 | H5: 200000
D6: 에어드레서 매립장 | E6: [재활용] - 900X700X2,200 - 30X30 각재 및 12T, 15T 합판 NC 가공 - 제품 변경으로 내경 사이즈 수정 - 지정 펠트 마감 재시공 | F6: EA | G6: 1 | H6: 800000
D7: 로봇 청소기 매립장 | E7: [재활용] - 600X400X750 - 30X30 각재 및 12T, 15T 합판 NC 가공 - 지정 펠트 마감 재시공 | F7: EA | G7: 1 | H7: 580000
D8: 제습기 매립장 | E8: [재활용] - 600X400X750 - 30X30 각재 및 12T, 15T 합판 NC 가공 - 지정 펠트 마감 재시공 | F8: EA | G8: 1 | H8: 580000
D9: 강아지 집 | E9: [집기 제작] - 800X400X1,000 - 30X30 각재 및 12T, 15T 합판 NC 가공 - 지정 펠트 마감 | F9: EA | G9: 1 | H9: 1130000
D10: 거실 테이블 | E10: [재활용] - 1,000X400X430 - 30X30 각재 및 12T, 15T 합판 NC 가공 - 지정 펠트 마감 재시공 - 1,200X600 상판 10T 강화유리 | F10: EA | G10: 1 | H10: 320000
D11: 거실 테이블 의자 | E11: [재활용] - 400X420X400 - 30X30 각재 및 12T, 15T 합판 NC 가공 - 지정 펠트 마감 재시공 | F11: EA | G11: 1 | H11: 180000
C12: AI HOME(Kitchen) | D12: 세탁기 매립장 | E12: [재활용] - 1,410X970X1,300 - 30X30 각재 및 12T, 15T 합판 NC 가공 - 지정 펠트 마감 | F12: EA | G12: 1 | H12: 0
D13: 옷걸이 장 | E13: [재활용] - 1,730X700X1,600 - 30X30 각재 및 12T, 15T 합판 NC 가공 - Ø20 SUS 파이프 w550 - 지정 펠트 마감 | F13: EA | G13: 1 | H13: 0
D14: 65" TV 벽장 | E14: [재활용] - 1,200X300X2,200 - 30X30 각재 및 12T, 15T 합판 NC 가공 - TV 브라켓 매립 타공 - 지정 필름 마감 재시공 | F14: EA | G14: 1 | H14: 200000
D15: 냉장고 매립장 | E15: [재활용] - 1,300X1,130X2,050 - 30X30 각재 및 12T, 15T 합판 NC 가공 - 지정 펠트 마감 | F15: EA | G15: 1 | H15: 0
D16: 정수기 멀티큐커 매립장 | E16: [재활용] - 1,420X780X2,050 - 30X30 각재 및 12T, 15T 합판 NC 가공 - 지정 펠트 마감 - 하부 도어 추가 | F16: EA | G16: 1 | H16: 100000
D17: 주방 테이블 | E17: [재활용] - 1,700X800X950 - 30X30 각재 및 12T, 15T 합판 NC 가공 - 하부 점검도어 - 지정 펠트 마감 - 상판 재도장 | F17: EA | G17: 1 | H17: 200000
C18: AI HOME(Bedroom) | D18: 65" TV 벽장 | E18: [재활용] - 1,200X300X2,200 - 30X30 각재 및 12T, 15T 합판 NC 가공 - TV 브라켓 매립 타공 - 지정 필름 마감 재시공 | F18: EA | G18: 1 | H18: 200000
D19: 에어컨 벽장 | E19: [재활용] - 1,600X300X2,000 - 30X30 각재 및 12T, 15T 합판 NC 가공 - 지정 펠트 마감 재시공 | F19: EA | G19: 1 | H19: 740000
D20: 코너타입 선반장 | E20: [재활용] - 380X280X1,200 - 30X30 각재 및 12T, 15T 합판 NC 가공 - 지정 펠트 마감 - 마감 보수 | F20: EA | G20: 1 | H20: 360000
D21: 커튼 집기 | E21: [재활용] - 1,700X300X2,200 - 30X30 각재 및 12T, 15T 합판 NC 가공 - 지정 펠트 마감 - 마감 보수 및 집기 디테일 수정(조명) | F21: EA | G21: 1 | H21: 200000
D22: 침대 모형집기 | E22: [재활용] - 2,070X1,450X950 - 30X30 각재 및 12T, 15T 합판 NC 가공 - 지정 펠트 마감 - 방향 수정 및 펠트 마감 재시공 | F22: EA | G22: 1 | H22: 780000
D23: 테이블 | E23: [집기 제작] - 900X300X950 - 30X30 각재 및 12T, 15T 합판 NC 가공 - 하부 점검도어 - 지정 펠트 마감 | F23: EA | G23: 1 | H23: 1500000
D24: 침실 테이블 | E24: [집기 제작] - 400X500X400 - 30X30 각재 및 12T, 15T 합판 NC 가공 - 지정 펠트 마감 - 650X700 10T 투명 강화유리 | F24: EA | G24: 1 | H24: 1260000
D25: 침실 테이블 의자 | E25: [집기 제작] - 650X550X650 - 30X30 각재 및 12T, 15T 합판 NC 가공 - 지정 펠트 마감 - 다릿발 기성제품 | F25: EA | G25: 1 | H25: 1400000
C26: AI School | D26: 디오라마 테이블 | E26: [재활용] - 2,000X1,700X950 - 30X30 각재 및 12T, 15T MDF NC 가공 - 하부장 도어 경첩 - 지정 시멘트 도장+지정색 우레탄 도장 마감 | F26: EA | G26: 1 | H26: 0
D27: AI Multi-tasking 테이블 | E27: [재활용] - 1.200X200X950 - 2T 갈바 절곡 및 용접 - 15X15 각파이프 내부보강 - 하부 점검도어 - 지정 시멘트 도장+지정색 우레탄 도장 마감 | F27: EA | G27: 1 | H27: 0
D28: 곡선형 핸즈온 테이블-A | E28: [집기 제작] - 2,650X1,200X750 - 30X30 각재 및 12T, 15T MDF NC 가공 - 하부 점검도어 - 지정색도장 마감 | F28: EA | G28: 1 | H28: 3200000
D29: 곡선형 핸즈온 테이블-B | E29: [집기 제작] - 1,935X720X750 - 30X30 각재 및 12T, 15T MDF NC 가공 - 하부 점검도어 - 지정색도장 마감 | F29: EA | G29: 1 | H29: 2600000
D30: 스툴 | E30: [재활용] - Ø470X420 - 30X30 각재 및 12T, 15T MDF NC 가공 - 지정 패브릭 마감 | F30: EA | G30: 10 | H30: 0
C31: AI Store | D31: 하부장 테이블 | E31: [집기 제작] - 1,550X600X900 - 30X30 각재 및 12T, 15T MDF NC 가공 - 하부장 도어 경첩 - 지정색도장 마감 | F31: EA | G31: 1 | H31: 1800000
D32: 원형 핸즈온 테이블 의자 | E32: [집기 제작] - 2,700X450X450 - 30X30 각재 및 12T, 15T MDF NC 가공 - 하부 덮게 탈착식 - Ø300X600 핸즈온 테이블 3EA - Ø30 파이프 절곡 및 용접 - 지정색도장 마감 | F32: SET | G32: 1 | H32: 2400000
C33: Energy Saving | D33: 벽장 집기 | E33: [재활용] - 1,400X500X2,690 - 30X30 각재 및 12T, 15T MDF NC 가공 - 1,400X500X250 상부 라이팅 박스 5T 아크릴 제작 설치 - 전면 제품 주변 라이팅 박스 제작 설치 - Bar LED 6000K 설치 - 지정색 도장 마감 변경 | F33: EA | G33: 5 | H33: 6500000
C34: 베뉴 전반 | D34: 제작집기 반입/설치 | E34: [제작집기 반입] - 3.5톤 2대 10월 1일 (평택창고->파주공장) - 1톤 1대 10월 1일 (평택창고->파주공장) - 3.5톤 4대 10월 18일 (파주공장->코엑스) - 1톤 3대 10월 18일 (파주공장->코엑스) - 집기 반입 | F34: 식 | G34: 1 | H34: 6050000
E35: [제작집기 셋팅비] - 집기 양중, 집기 배치, 집기 조립 등의 현장 작업 | F35: 식 | G35: 1 | H35: 10080000
C36: 집기 제작 소계 | H36: =SUM(H4:H35) -> 44960000
C37: 집기 제작 합계 | H37: =TRUNC(H36,-3) -> 44960000
B38: 2. 전시 제작 | C38: AI HOME(Living Room) | D38: 목공사 | E38: [Living Room 벽체] - 11,020X300X4,000 - 30X30각재, 9T,12T 합판 및 MDF NC 가공 - 상단 간접 박스 조성 - 제작 및 현장 설치 작업 | F38: M2 | G38: =11.02*4 -> 44.08 | H38: 10460000
E39: [Living Room 중간 벽체] - 4,000X200X2,800 - 3,900X200X2,800 - 30X30각재, 9T,12T 합판 및 MDF NC 가공 - 제작 및 현장 설치 작업 | F39: M2 | G39: =(4*2.8)+(3.9*2.8) -> 22.12
D40: 수장 공사 | E40: [Living Room 벽지 마감] - 11,020X4,000 - 퍼티 및 하지작업 - 지정 벽지 마감(필름 마감면적 제외) - 현장 설치 작업 | F40: M2 | G40: =(11.02*4)-22.12 -> 21.96 | H40: 4460000
E41: [Living Room 필름 마감] - 4,000X2,800, 3,900X2,800 - 퍼티 및 샌딩, 프라이머 - 지정 필름 마감 - 현장 설치 작업 | F41: M2 | G41: =(4*2.8)+(3.9*2.8) -> 22.12
C42: AI HOME(Kitchen) | D42: 목공사 | E42: [Kitchen 벽체] - 11,300X300X4,000 - 30X30각재, 9T,12T 합판 및 MDF NC 가공 - 상단 간접 박스 조성 - 3,000X900 경계 파티션 - 제작 및 현장 설치 작업 | F42: M2 | G42: =11.3*4 -> 45.2 | H42: 11680000
E43: [Kitchen 중간 벽체] - 10,400X200X2,800 - 30X30각재, 9T,12T 합판 및 MDF NC 가공 - 1,050X200X30T 도장 마감 선반 2EA - 제작 및 현장 설치 작업 | F43: M2 | G43: =10.4*2.8 -> 29.12
D44: 수장 공사 | E44: [Kitchen 벽지 마감] - 11,300X4,000 - 퍼티 및 하지작업 - 지정 벽지 마감(필름 마감면적 제외) - 현장 설치 작업 | F44: M2 | G44: =(11.3*4)-29.12 -> 16.08 | H44: 4640000
E45: [Kitchen 필름 마감] - 10,400X2,800 - 퍼티 및 샌딩, 프라이머 - 지정 필름 마감 - 현장 설치 작업 | F45: M2 | G45: =10.4*2.8 -> 29.12
C46: AI HOME(Bedroom) | D46: 목공사 | E46: [Bedroom 벽체] - 9,720X300X4,000 - 30X30각재, 9T,12T 합판 및 MDF NC 가공 - 상단 간접 박스 조성 - 제작 및 현장 설치 작업 | F46: M2 | G46: =9.72*4 -> 38.88 | H46: 9880000
E47: [Bedroom 중간 벽체] - 8,520X200X2,800 - 30X30각재, 9T,12T 합판 및 MDF NC 가공 - 제작 및 현장 설치 작업 | F47: M2 | G47: =8.52*2.8 -> 23.856
D48: 수장 공사 | E48: [Bedroom 벽지 마감] - 9,720X4,000 - 퍼티 및 하지작업 - 지정 벽지 마감(필름 마감면적 제외) - 현장 설치 작업 | F48: M2 | G48: =(9.72*4)-23.86 -> 15.02 | H48: 3980000
E49: [Bedroom 필름 마감] - 8,520X2,800 - 퍼티 및 샌딩, 프라이머 - 지정 필름 마감 - 현장 설치 작업 | F49: M2 | G49: =8.52*2.8 -> 23.856
E50: [커튼 설치] - 1,430X1,990X2EA - 화이트 쉬폰 커튼 나비주름 - 현장 설치 작업 | F50: 식 | G50: 1 | H50: 300000
C51: AI School | D51: 목공사 | E51: [AI School 벽체] - 23,485X300X4,000 - 30X30각재, 9T,12T 합판 및 MDF NC 가공 - 상단 간접 박스 조성 - 제작 및 현장 설치 작업 | F51: M2 | G51: =23.485*4 -> 93.94 | H51: 15080000
D52: 금속 공사 | E52: [AI CLASS LED 금속] - 3,950X2,030 - 2T 갈바 레이저 타공 및 용접 가공 - 제작 및 현장 설치 작업 | F52: M2 | G52: =3.95*2.03 -> 8.0185 | H52: 2280000
E53: [B7 모뉴먼트 하우징 재활용] - 2,200X1,300X2,400 - 각 파이프 및 SUS 마감 - 파이프트러스 등 부분 추가 제작 - 제작 및 현장 설치 작업 | F53: 식 | G53: 1 | H53: 2200000
D54: 수장 공사 | E54: [AI School 벽지 마감] - 23,485X4,000 - 퍼티 및 하지작업 - 지정 벽지 마감(실사 출력 마감 면적13.72M2, LED 면적8.02M2 제외) - 현장 설치 작업 | F54: M2 | G54: =(23.485*4)-(8.02+13.72) -> 72.2 | H54: 3200000
C55: AI Store | D55: 목공사 | E55: [AI Store 벽체] - 19,500X300X4,000 - 30X30각재, 9T,12T 합판 및 MDF NC 가공 - Spatial Signage 지붕 바리솔 구조 - The Movingstyle 돌출 벽체 및 선반 구조 - 하부장 및 선반장 포함 - 제작 및 현장 설치 작업 | F55: M2 | G55: =19.5*4 -> 78 | H55: 17820000
E56: [AI Store 지붕] - 3,900X1,600X850 - 30X30각재, 9T,12T 합판 및 MDF NC 가공 - 제작 및 현장 설치 작업 | F56: M2 | G56: =(3.9*0.85)+(3.9*1.6)+(0.85*1.6) -> 10.915
D57: 수장 공사 | E57: [The Movingstyle 도장마감) - 2,550X4,000 돌출 벽체 - 선반 및 선반장 포함 - 지정 우레탄 도장 - 현장 설치 작업 | F57: 식 | G57: 1 | H57: 6450000
E58: [AI Store 벽지 마감] - 19,500X4,000 - 퍼티 및 하지작업 - 지정 벽지 마감(개구부 및 도장 면적 제외) - 현장 설치 작업 | F58: M2 | G58: =(19.5*4)-(5.53+2.2) -> 70.27
E59: [AI Store 지붕 필름 마감] - 3,900X1,600X850 - 퍼티 및 샌딩, 프라이머 - 지정 필름 마감 - 현장 설치 작업 | F59: M2 | G59: =(3.9*0.85)+(3.9*1.6)+(0.85*1.6) -> 10.915
C60: Energy Saving | D60: 목공사 | E60: [Energy Saving 벽체] - 14,020X100X3,500 - 9,860X100X3,500 B7~75"벽체 - 30X30각재, 9T,12T 합판 및 MDF NC 가공 - 30X30 루버 시공 - 내부 점검용 창고 조성 - 제작 및 현장 설치 작업 | F60: M2 | G60: =(14.02*3.5)+(9.86*3.5) -> 83.58 | H60: 13420000
E61: [라인 조명 목공 바닥] - 8,170X5,850 - 35mm LED NC 컷팅 - 제작 및 현장 설치 작업 | F61: 식 | G61: 1 | H61: 800000
D62: 수장 공사 | E62: [벽체 구조 벽지 마감] - 14,020X3,500 - 9,860X3,500 B7~75"벽체 - 퍼티 및 하지작업 - 지정 벽지 마감 - 현장 설치 작업 | F62: M2 | G62: =(14.02*3.5)+(9.86*3.5) -> 83.58 | H62: 3740000
C63: 무한 | D63: 목공사 | E63: [무한 벽체] - 8,370X100X3,500 - 30X30각재, 9T,12T 합판 및 MDF NC 가공 - 제작 및 현장 설치 작업 | F63: M2 | G63: =8.37*3.5 -> 29.295 | H63: 4700000
D64: 수장 공사 | E64: [무한 벽체 도장마감] - 3,000X3,100 - 지정 메탈 도장 - 현장 설치 작업 | F64: 식 | G64: 1 | H64: 2580000
E65: [무한 벽지 마감] - 8,370X3,500 - 퍼티 및 하지작업 - 지정 벽지 마감(무한 매립 벽체 면적7.96M2 제외) - 현장 설치 작업 | F65: M2 | G65: =(8.37*3.5)-(7.96) -> 21.335
C66: Micro RGB | D66: 목공사 | E66: [Micro RGB 벽체] - 8,170X1,000X3,980 - 30X30각재, 9T,12T 합판 및 MDF NC 가공 - 제작 및 현장 설치 작업 | F66: M2 | G66: =8.17*3.98 -> 32.5166 | H66: 5220000
D67: 수장 공사 | E67: [Micro RGB 벽지 마감] - 1,105X3,400X2EA - 퍼티 및 하지작업 - 지정 벽지 마감 - 현장 설치 작업 | F67: M2 | G67: =(1.105*3.4)*2 -> 7.514 | H67: 340000
C68: AI Concierge | D68: 목 공사 | E68: [AI Concierge 벽체] - 11,740X250X5,290 - 30X30각재, 9T,12T 합판 및 MDF NC 가공 - 상단 100MM 루버 시공 - 제작 및 현장 설치 작업 | F68: M2 | G68: =11.74*5.29 -> 62.1046 | H68: 9980000
E69: [무빙스타일 단올림 박스] - 1,900X650X150 - 30X30 각재 및 12T, 15T MDF NC 가공 - 지정 인테리어 필름 마감 - 2구 콘센트 매립 - 제작 및 현장 설치 작업 | F69: M2 | G69: =1.9*0.65 -> 1.235 | H69: 240000
D70: 수장 공사 | E70: [AI Concierge 벽지 마감] - 11,740X5,290 - 7,560X5,290 입구 오른쪽 벽체 - 퍼티 및 하지작업 - 지정 벽지 마감(실사출력, 필름, 바리솔 면적 제외) - 현장 설치 작업 | F70: M2 | G70: =((11.74*5.29)+(7.56*5.29))-(1.27+1.27+2.88+11.12) -> 85.557 | H70: 7990000
E71: [AI Concierge 필름 마감] - 3,970X2,800 - 퍼티 및 샌딩, 프라이머 - 지정 필름 마감 - 현장 설치 작업 | F71: M2 | G71: =3.97*2.8 -> 11.116
C72: 베뉴 전반 | D72: 가설 공사 | E72: [주변 보양 및 현장 정리] - 양중 동선 보양 및 현장 정리정돈 - 준공 청소 - 고소 작업 리프트 - 현장 주야간 작업 | F72: M2 | G72: =(33*27.3)-23 -> 877.9 | H72: 10120000
D73: 목공사 | E73: [좌측 LED 파사드 구조 목공 벽체] - 15,110X200X5,290 - 30X30각재, 9T,12T 합판 및 MDF NC 가공 - 점검 도어 설치 - 제작 및 현장 설치 작업 | F73: M2 | G73: =15.11*5.29 -> 79.9319 | H73: 31910000
E74: [천장 구조 목공 벽체] - 10,750X300X3,800 - 30X30각재, 9T,12T 합판 및 MDF NC 가공 - 제작 및 현장 설치 작업 | F74: M2 | G74: =10.75*3.8 -> 40.85
E75: [우측 LED 파사드 구조 목공 벽체] - 16,800X200X5,290 - 30X30각재, 9T,12T 합판 및 MDF NC 가공 - 점검 도어 설치 - 제작 및 현장 설치 작업 | F75: M2 | G75: =16.8*5.29 -> 88.872
E76: [베뉴 전체 바닥 단올림] - 33,000X27,300 - 15T+9T MDF NC 가공 - 출입구 23m2 제외 - 제작 및 현장 설치 작업 | F76: M2 | G76: =(33*27.3)-23 -> 877.9 | H76: 29400000
D77: 금속 공사 | E77: [출입구 바닥마감대] - (6,150+6,150+3,300) / 60X28 - 1.5T SUS H/L 절곡 및 용접 가공 - 제작 및 현장 설치 철야 작업 | F77: M | G77: =6.15+6.15+3.3 -> 15.6 | H77: 2400000
D78: 전기 공사 | E78: [분전반 및 배관배선] - 가설 분전함 설치 - 분전반 결선 - F-CV 2.5 / F-CV 4 벽체 및 바닥 전열 배선 | F78: M2 | G78: 877.9 | H78: 38920000
E79: [콘센트 및 조명 설치] - 2구산업용노출콘센트 및 멀티콘센트 - 매립형 다운라이트 - Bar LED 6000K 간접 라이팅, SMPS 등 - 바리솔 LED T-5 - 투광기 200W 45EA - 현장 설치 작업
D80: 수장 공사 | E80: [AI HOME(Living Room) 바닥 마감] - 9,215X5,887 다각형 - 지정 타일 시공 - 현장 설치 작업 | F80: M2 | G80: 32.72 | H80: 24990000
E81: [AI HOME(Kitchen) 바닥 마감] - 7,600X4,300 - 지정 타일 시공 - 현장 설치 작업 | F81: M2 | G81: =7.6*4.3 -> 32.68
E82: [AI HOME(Bedroom) 바닥 마감] - 6,500X3,820 - 지정 타일 시공 - 현장 설치 작업 | F82: M2 | G82: =6.5*3.82 -> 24.83
E83: [AI School 바닥 마감] - 12,600X6,820 - 지정 타일 시공 - 현장 설치 작업 | F83: M2 | G83: =12.6*6.82 -> 85.932
E84: [AI Store 바닥 마감] - 12,300X4,000 - 지정 타일 시공 - 현장 설치 작업 | F84: M2 | G84: =12.3*4 -> 49.2
E85: [Energy Saving 바닥 마감] - 8,170X6,850 - 지정 마모륨 롤 타입 장판 시공 - 현장 설치 작업 | F85: M2 | G85: =8.17*6.85 -> 55.9645
E86: [출입구 및 기타 동선 바닥 마감] - 24,700X22,190 다각형 - 중앙 창고 부위(39.24m2) 제외 - 지정 타일 시공 - 현장 설치 작업 | F86: M2 | G86: =364.71-87.03 -> 277.68
E87: [바리솔 마감] - 10,750X3,920 출입구 천장 - 1,500X1,000 스페셜사이니지 천장 - 1,750X1,650 무빙스타일 벽면 - 지정 검정 유광, 조명용 백색 바리솔 시공 - 현장 설치 작업 | F87: 식 | G87: 1 | H87: 5800000
D88: 그래픽 사인공사 | E88: [아크릴 스카시 시공] - H:150 AI Home - H:150 AI School - H:150 AI Store - H:90 The Movingstyle - H:90 Movingstyle - H:90 Spatial Signage - H:90 VXT Solution - H:500 AI HOME - H:200 World's first Micro RGB - H:100 Galaxy XR - H:60 Transparent Micro LED - H:150 AI Concierge - H:90 Vision AI Companion - 3T, 5T 아크릴 스카시 검정색, 백색 도장 - 제작 및 현장 설치 작업 | F88: 식 | G88: 1 | H88: 9850000
E89: [실사 출력 시공] - 2,500X2,800X1EA AI School - 1,200X2,800X2EA AI School - 1,260X2,800X2EA AI School - 297X210 AI Store 액자 - 850X1,500X2EA 무빙스타일 거치대 배경지 - 단차 주의 스티커 - 지정 컬러 실사 출력 - 퍼티 및 프라이머 작업 - 제작 및 현장 설치 작업 | F89: 식 | G89: 1
E90: [시트 컷팅 시공] - 980X770 / 750X2,070 Spatial Signage - H:100 Transparent Micro LED - 560X180 Vision AI Companion 소개말 - 백색, 검정 시트 컷팅 - 제작 및 현장 설치 작업 | F90: 식 | G90: 1
E91: [파사드 메인 잔넬] - H:900 SAMSUNG 잔넬 재활용 - 분리 및 점검 - 보강 프레임, 거치대 50X50 각 파이프 절곡 및 용접, 검정 도장 제작 - 현장 설치 작업 | F91: 식 | G91: 1 | H91: 9480000
E92: [벽부형 잔넬] - H:700 SAMSUNG 잔넬 재활용 - 분리 및 점검 - 현장 설치 작업 | F92: 식 | G92: 1
E93: [간접 라이팅 아크릴] - Energy Saving 바닥 라이팅 12T 조명용 아크릴 제작 - 무한 벽체 간접 라이팅 3T 조명용 아크릴 제작 - 제작 및 현장 설치 작업 | F93: 식 | G93: 1
E94: [VMD 소품 연출] - VMD 디자인 및 스타일링 - 리빙룸(강아지 모형, 방석, 장난감, 하네스) - 키친(화병, 수건, 바구니, 세제 디스펜서, 조화, 빨래 바구니) - 배드룸(화병, 탁상시계, 쿠션, 배게, 블랭킷, 대형조화, 러그, 대형조화) - AI STORE(원형러그, 스툴, 책, 화병, 시계소품, 테이블 조명, 머그컵, 텀블러, 커피원두, 티, 핸드드립 세트, 액자 프레임, 컵선반보드, 오브제 캔들) - 현장 설치 작업 | F94: 식 | G94: 1 | H94: 3500000
D95: 영상하드웨어 공사 | E95: [좌측 파사드 LED 설치] - 13,920X4,860 - SAMSUNG LED IER2.5mm pitch - 960x540cabinet, 코너 240x540cabinet - 컨트롤러 및 미디어 서버, 구동PC 기타 케이블류 포함 - 현장 설치 작업 | F95: 식 | G95: 1 | H95: 64410000
E96: [우측 파사드 LED 설치] - 8,160X4,860 - SAMSUNG LED IER2.5mm pitch - 960x540cabinet, 코너 240x540cabinet - 컨트롤러 및 미디어 서버, 구동PC 기타 케이블류 포함 - 현장 설치 작업 | F96: 식 | G96: 1 | H96: 48460000
E97: [Micro RGB 뒷면 LED 설치] - 5,760X3,780 - SAMSUNG LED IER1.5mm pitch - 960x540cabinet - 컨트롤러 및 미디어 서버, 구동PC 기타 케이블류 포함 - 현장 설치 작업 | F97: 식 | G97: 1 | H97: 32600000
E98: [AI Class 재활용 LED 설치] - 3,840X1,920 - Flxible LED 2.0mm pitch - 320x160cabinet - 컨트롤러 및 미디어 서버, 구동PC 기타 케이블류 포함 - 현장 설치 작업 | F98: 식 | G98: 1 | H98: 4960000
E99: [TV 및 사이니지 설치] - 43" 55" 65" 75" 85" TV 및 사이니지 설치 - 틸팅 월 마운드 매립 및 슬림 월 마운트 시공 - 현장 설치 작업 | F99: 식 | G99: 1 | H99: 3520000
D100: 리깅 공사 | E100: [리깅 트러스 설치] - 62M 사각 구조 - 트러스 290X290 블랙 - 리깅 트러스 구조 검토 - 현장 설치 작업 | F100: 식 | G100: 1 | H100: 9620000
D101: 안전 관리 공사 | E101: [안전 관리비] - 안전모, 안전화, 안전벨트, 사다리아웃트리거, 말비계 낙상방지기, 소화기 등 - 구조 안전 진단비 | F101: 식 | G101: 1 | H101: 3500000
...
