Workbook
Name _: #REF!
Name _: #REF!
Name ____________tt2: #REF!
Name __________tt2: #REF!
Name _________tt2: #REF!
Name ________SF1: #REF!
Name ________ST93: #REF!
Name _______123k: #REF!
Name _______SF1: #REF!
Name _______ST93: #REF!
Name _______tt2: #REF!
Name ______SP01: [1]!______SP01
Name ______SP01: [2]!______SP01
Name ______SP02: [1]!______SP02
Name ______SP02: [2]!______SP02
Name ______SP04: [1]!______SP04
Name ______SP04: [2]!______SP04
Name ______SP06: [1]!______SP06
Name ______SP06: [2]!______SP06
Name ______SP07: [1]!______SP07
Name ______SP07: [2]!______SP07
Name ______SP08: [1]!______SP08
Name ______SP08: [2]!______SP08
Name ______SP09: [1]!______SP09
Name ______SP09: [2]!______SP09
Name ______SP10: [1]!______SP10
Name ______SP10: [2]!______SP10
Name ______SP12: [1]!______SP12
Name ______SP12: [2]!______SP12
Name ______SP14: [1]!______SP14
Name ______SP14: [2]!______SP14
Name ______SP15: [1]!______SP15
Name ______SP15: [2]!______SP15
Name ______SP16: [1]!______SP16
Name ______SP16: [2]!______SP16
Name ______SP17: [1]!______SP17
Name ______SP17: [2]!______SP17
Name ______SP18: [1]!______SP18
Name ______SP18: [2]!______SP18
Name ______SP19: [1]!______SP19
Name ______SP19: [2]!______SP19
Name ______SP20: [1]!______SP20
Name ______SP20: [2]!______SP20
Name ______SP21: [1]!______SP21
Name ______SP21: [2]!______SP21
Name ______SP22: [1]!______SP22
Name ______SP22: [2]!______SP22
Name ______SP23: [1]!______SP23
Name ______SP23: [2]!______SP23
Name ______SP24: [1]!______SP24
Name ______SP24: [2]!______SP24
Name ______SP25: [1]!______SP25
Name ______SP25: [2]!______SP25
Name ______SP26: [1]!______SP26
Name ______SP26: [2]!______SP26
Name ______SP27: [1]!______SP27
Name ______SP27: [2]!______SP27
Name ______SP28: [1]!______SP28
Name ______SP28: [2]!______SP28
Name ______SP29: [1]!______SP29

Sheet 2026 WIS 예산
B1: 2026 WIS 거래명세서
B2: 공급받는자 | D2: [ 행사 표준 견적서 ] | G2: 공급자
B3: CLIENT | D3: 아래와 같이 견적 합니다. | G3: 회사명
B4: PROJECT | G4: 대표자
B5: PROJECT No. | G5: 사업자번호
B6: 견적금액 | C6: =G32 -> 896000000 | G6: 주소
B7: 담당자/연락처 | G7: 담당자/연락처
B11: 구분 | C11: 항목 | D11: 세부내역 | E11: 2025 거래가격 | F11: 2026 사전견적서 | G11: 2026 실행견적서 | H11: 비고
B12: 대관 | C12: 참가비 | D12: 독립부스 (96부스) | E12: 204950000 | F12: 204950000 | G12: 206800000 | H12: 2026 WIS (총 3일/시간외 사용)
C13: 대관료 합계 | E13: 204950000 | F13: =SUM(F12) -> 204950000 | G13: =G12 -> 206800000
B14: 전시 | C14: WIS 전시, 집기 제작 | D14: 기획비 | E14: 35000000 | F14: =[275]전시!G7 -> 35000000 | G14: ='1-1.전시_인건비'!J7+'1-1.전시_인건비'!J11 -> 29000000
D15: 전시, 집기공사 | E15: 485956000 | F15: =[275]전시!G10+[275]전시!G25 -> 374500000 | G15: ='2026 WIS_전시 제작(수정2)'!H120+'2026 WIS_전시 제작(수정2)'!H33 -> 355430000
D16: 필수보험료 | E16: 7530216 | F16: =[275]전시!G29 -> 5478533.5 | G16: ='2026 WIS_전시 제작(수정2)'!H124 -> 4559875.6
C17: WIS 전시, 집기 합계 | E17: 5.2848622e+08 | F17: =SUM(F14:F16) -> 4.1497853e+08 | G17: =SUM(G14:G16) -> 3.8898988e+08
B18: 키트 | C18: WIS 키트, 그래픽 | D18: 컨텐츠 및 디자인 | E18: 49763524 | F18: =[275]키트!D6 -> 4650000 | G18: ='2-1.키트_요약'!D9 -> 84080926
D19: 키트 | E19: 3563000 | F19: =[275]키트!D12 -> 82475000 | G19: ='2-1.키트_요약'!D8 -> 17559262 | H19: *VAC 및 스페이셜사이니지 제작, ACC월
D20: 설치 및 철거 | E20: 15997094 | F20: =[275]키트!D16 -> 17306810 | G20: ='2-1.키트_요약'!D10 -> 24541790
C21: WIS 키트, 그래픽 합계 | E21: 53326524 | F21: =SUM(F18:F20) -> 104431810 | G21: =SUM(G18:G20) -> 126181978
B22: 운영 | C22: 운영 | D22: 플래닝 | E22: 4000000 | F22: =[275]운영!I6 -> 5000000 | G22: ='3-1.운영'!I6 -> 5000000
D23: 인력 | E23: 57948500 | F23: =[275]운영!I18+[275]운영!I21 -> 41934300 | G23: ='3-1.운영'!I18+'3-1.운영'!I22 -> 43080200 | H23: 인건비 및 부대 인건비, 세탁비 포함
D24: 시스템 | E24: 7298222.5 | F24: =[275]운영!I27 -> 3260000 | G24: ='3-1.운영'!I28 -> 3222283 | H24: *전관방송 삭제 및 나우웨이팅 활용
D25: 제작물 | E25: 10306650 | F25: =[275]운영!I24+[275]운영!I31 -> 5559400 | G25: ='3-1.운영'!I25+'3-1.운영'!I32 -> 5216200 | H25: 국영문스크립트, 버즈 꾸미기 스티커 일체
D26: 보험 | E26: 1385964 | F26: =[275]운영!I44 -> 1747150 | G26: ='3-1.운영'!I45 -> 1282310 | H26: 행사 보험 및 근무자 보험 일체
D27: 렌탈, 네트워크, 운영물품 | E27: 14945000 | F27: =[275]운영!I33+[275]운영!I35+[275]운영!I37+[275]운영!I38+[275]운영!I39+[275]운영!I40 -> 15350000 | G27: ='3-1.운영'!I36+'3-1.운영'!I34+'3-1.운영'!I38+'3-1.운영'!I39+'3-1.운영'!I40+'3-1.운영'!I41 -> 15217750 | H27: 네트워크 및 무전기, 운영사무실 집기 등
D28: 물류 | E28: 495000 | F28: =[275]운영!I36 -> 500000 | G28: ='3-1.운영'!I37 -> 590000
C29: 운영 합계 | E29: 96379336 | F29: =SUM(F22:F28) -> 73350850 | G29: =SUM(G22:G28) -> 73608743
B30: 외주비 소계 | E30: 8.8314208e+08 | F30: =SUM(F13,F17,F21,F29) -> 7.9771119e+08 | G30: =SUM(G13,G17,G21,G29) -> 7.955806e+08
B31: 대행수수료 | E31: 1.1661984e+08 | F31: =SUM(F14:F15,F21:F25)*17.65%+SUM(F16,F26:F28)*5% -> 1.0170328e+08 | G31: =SUM(G14:G15,G21:G25)*17.65%+SUM(G16,G26:G28)*5% -> 1.0118106e+08
B32: 2025 WIS 총계 | E32: 999000000 | F32: =ROUNDDOWN(SUM(F30:F31),-5) -> 899400000 | G32: =ROUNDDOWN(SUM(G30:G31),-6) -> 896000000 | H32: 십만원 단위 이하 절사

Sheet 참관료

Sheet 1-1.전시_인건비
B1: 증빙 상세 내역(공통_2026 World IT Show)
K2: =J4/2 -> 5533735.2
B3: 구분 | C3: 항목 | D3: 소항목 | E3: 세부내역 | G3: 인원 | H3: 수량 | I3: 투입률 | J3: 금액 | K3: 비고 | L3: 사진 | M3: 공시된 엔지니어링 업체 노임 단가 기준표
B4: 공간디자인 | C4: 디자인 개발 | D4: ○기획 설계 -공간 기획 및 레이아웃 -투시도 작업 및 수정 보완 -사인 그래픽 2D 작업, 수정 보완 -마감 스펙 제안 | E4: 참여인력 | F4: ='1-2.전시_인건비 증빙'!D5 -> 고급 기술자 | G4: 1 | H4: ='1-2.전시_인건비 증빙'!G5 -> 20 | I4: ='1-2.전시_인건비 증빙'!H5 -> 0.5 | J4: ='1-2.전시_인건비 증빙'!I5 -> 11067470 | K4: ○기간: 2026.03.11 ~ 2026.04.07 (20일) * 26년 엔지니어링 건설 기술자 노임 단가 기준 (직접인건비, 직접경비, 제경비, 기술료 포함) [공간디자인 및 실시설계] 직접경비: 직접인건비의 10% 제경비: 직접인건비의 20% 기술료: (직접인건비+제경비)의 40%
F5: ='1-2.전시_인건비 증빙'!D6 -> 중급 기술자 | G5: ='1-2.전시_인건비 증빙'!F6 -> 1 | H5: ='1-2.전시_인건비 증빙'!G6 -> 20 | I5: ='1-2.전시_인건비 증빙'!H6 -> 0.8 | J5: ='1-2.전시_인건비 증빙'!I6 -> 8405530.2
C6: 디자인 개발 소계 | J6: =SUM(J4:J5) -> 19473001
C7: 디자인 개발 합계 | J7: =TRUNC(J6,-6) -> 19000000
C8: 실시 설계 | D8: ○실시 설계 - 제작 및 도면설계 총괄 - 실시설계도 및 제작물 시공 감리 | E8: 참여인력 | F8: ='1-2.전시_인건비 증빙'!D9 -> 고급 기술자 | G8: ='1-2.전시_인건비 증빙'!F9 -> 1 | H8: ='1-2.전시_인건비 증빙'!G9 -> 10 | I8: ='1-2.전시_인건비 증빙'!H9 -> 1 | J8: ='1-2.전시_인건비 증빙'!I9 -> 5533735.2 | K8: ○기간: 2026.04.08 ~ 2026.04.21 (10일) * 26년 엔지니어링 건설 기술자 노임 단가 기준 (직접인건비, 직접경비, 제경비, 기술료 포함) [공간디자인 및 실시설계] 직접경비: 직접인건비의 10% 제경비: 직접인건비의 20% 기술료: (직접인건비+제경비)의 40%
F9: ='1-2.전시_인건비 증빙'!D10 -> 중급 기술자 | G9: ='1-2.전시_인건비 증빙'!F10 -> 1 | H9: ='1-2.전시_인건비 증빙'!G10 -> 10 | I9: ='1-2.전시_인건비 증빙'!H10 -> 1 | J9: ='1-2.전시_인건비 증빙'!I10 -> 5253456.4
C10: 실시 설계 소계 | J10: =SUM(J8:J9) -> 10787192
C11: 실시 설계 합계 | J11: =TRUNC(J10,-6) -> 10000000
B12: 2026 World IT Show 소계 | J12: =SUM(J7,J11) -> 29000000
B13: 대행수수료 | J13: =J12*17.65% -> 5118500
B14: 2026 World IT Show 총계 | J14: =SUM(J12:J13) -> 34118500

Sheet 1-2.전시_인건비 증빙
B2: 기획 및 디자인 인건비 금액 기준표
J3: *26년 엔지니어링 기술자 및 SW 기술자 노임 단가 기준
B4: 구분 | C4: 항목 | D4: 세부내역 | E4: 투입률 100% 기준 합계 | F4: 인원 | G4: 수량 | H4: 투입률 | I4: 비용 | J4: 비고 | L4: 구분 | M4: 직접인건비 | N4: 직접경비 | O4: 제경비 | P4: 기술료 | Q4: 최종 방향 금액 | R4: ** <참고자료> 「엔지니어링산업 진흥법」 제31조제2항에 따른 엔지니어링사업의 대가의 기준 "실비정액가산방식"
B5: 디자인 개발 | C5: 2026 World IT Show | D5: 고급 기술자 | E5: =VLOOKUP(D5,$L$4:$Q$8,6,FALSE) -> 553373.52 | F5: 2 | G5: 20 | H5: 0.5 | I5: =E5*G5*H5*F5 -> 11067470 | J5: 2026.03.11 ~ 2026.04.07 | L5: 특급 기술자 | M5: 373353 | N5: =M5*0.1 -> 37335.3 | O5: =M5*0.2 -> 74670.6 | P5: =(M5+O5)*0.4 -> 179209.44 | Q5: =SUM(M5:P5) -> 664568.34 | R5: 직접인건비
D6: 중급 기술자 | E6: =VLOOKUP(D6,$L$4:$Q$8,6,FALSE) -> 525345.64 | F6: 1 | G6: 20 | H6: 0.8 | I6: =E6*G6*H6*F6 -> 8405530.2 | L6: 고급 기술자 | M6: 310884 | N6: =M6*0.1 -> 31088.4 | O6: =M6*0.2 -> 62176.8 | P6: =(M6+O6)*0.4 -> 149224.32 | Q6: =SUM(M6:P6) -> 553373.52 | R6: 직접경비: 직접인건비의 10%
C7: 소계 | I7: =TRUNC(SUM(I5:I6),-6) -> 19000000 | L7: 중급 기술자 | M7: 295138 | N7: =M7*0.1 -> 29513.8 | O7: =M7*0.2 -> 59027.6 | P7: =(M7+O7)*0.4 -> 141666.24 | Q7: =SUM(M7:P7) -> 525345.64 | R7: 제경비: 직접인건비의 20%
B8: 디자인 개발비 합계 | I8: =SUM(I7) -> 19000000 | L8: 초급 기술자 | M8: 235459 | N8: =M8*0.1 -> 23545.9 | O8: =M8*0.2 -> 47091.8 | P8: =(M8+O8)*0.4 -> 113020.32 | Q8: =SUM(M8:P8) -> 419117.02 | R8: 기술료: (직접인건비+제경비)의 40%
B9: 실시 설계 | C9: 2026 World IT Show | D9: 고급 기술자 | E9: =VLOOKUP(D9,$L$4:$Q$8,6,FALSE) -> 553373.52 | F9: 1 | G9: 10 | H9: 1 | I9: =E9*F9*G9*H9 -> 5533735.2 | J9: 2026.04.08 ~ 2026.04.21
D10: 중급 기술자 | E10: =VLOOKUP(D10,$L$4:$Q$8,6,FALSE) -> 525345.64 | F10: 1 | G10: 10 | H10: 1 | I10: =E10*F10*G10*H10 -> 5253456.4 | L10: 투입률 (근로 100% = 1일 8시간) | N10: ** <참고자료> 「근로기준법」 제56조(연장ㆍ야간 및 휴일 근로)에 따른 투입률 기준 산정 방식, 해당 기준 이내 근로 투입
C11: 소계 | I11: =TRUNC(SUM(I9:I10),-6) -> 10000000 | L11: 0.8 | M11: =L11*8 -> 6.4 | N11: 1 | O11: 주간 근로 | P11: 1일 8시간
B12: 실시 설계비 합계 | I12: =SUM(I11) -> 10000000 | L12: 1 | M12: =L12*8 -> 8 | N12: 1.5 | O12: 연장 근로 | P12: 1일 8시간, 주 40시간(법정근로시간)을 초과하는 근로시간으로 소정근로시간을 초과한 근로 / 통상임금의 100분의 50 이상 가산
L13: 1.2 | M13: =L13*8 -> 9.6 | N13: 1.5 | O13: 야간 근로 | P13: 오후 10시 ~ 다음날 오전 6시 사이의 근로 / 통상임금의 100분의 50 이상 가산
N14: 1.75 | O14: 휴일 근로 | P14: 소정근로일이 아닌 휴일(공휴일 포함)에 일한 근로시간 / 8시간 이내의 휴일근로 : 통상임금의 100분의 50 이상 가산, 8시간 초과 휴일근로 : 통상임금의 100분의 100 가산

Sheet 2026 WIS_전시 제작(수정2)
B1: 증빙 상세 내역(전시제작_2026 World IT Show)
B3: 구분 | C3: 항목 | D3: 소항목 | E3: 세부내역 | F3: 단위 | G3: 수량 | H3: 금액 | I3: 현장사진
B4: 1. 집기 제작 | C4: Intro | D4: 스페이셜 사이니지 거치대 | E4: [집기 제작] - 1,200X2,100X600 - 1.5T EGI 절곡 및 레이저 가공 - 각파이프 내부보강 - 잠금도어 경첩(자석) 하드웨어 - 지정 분체 도장 마감 | F4: EA | G4: 4 | H4: 11200000
D5: Micro RGB 바닥단 | E5: [집기 제작] - 4,500X1,500X150 - 12T, 15T, 18T MDF NC 가공 - LED 간접조명 - 지정 우레탄 도장 마감 | F5: EA | G5: 1 | H5: 5400000
D6: Micro RGB 포디움 | E6: [집기 제작] - 3,200X700X500 - 12T, 15T, 18T MDF NC 가공 - 점검도어 경첩(자석) 하드웨어 - 지정 우레탄 도장 마감 | F6: EA | G6: 1 | H6: 4500000
C7: Zone 1 S26 Ultra | D7: 2억화소 테이블-01 | E7: [재활용] - 900X900X100 - 12T, 15T, 18T MDF NC 가공 - 상판 제작 교체 - 지정 필름 마감 | F7: EA | G7: 1 | H7: 1200000
D8: 2억화소 테이블-02 | E8: [재활용] - 900X900X100 - 12T, 15T, 18T MDF NC 가공 - 지정 필름 마감 | F8: EA | G8: 1 | H8: 0
D9: 슈퍼스테디 테이블-01 | E9: [재활용] - 900X900X100 - 12T, 15T, 18T MDF NC 가공 - 상판 제작 교체 - 지정 필름 마감 | F9: EA | G9: 1 | H9: 1200000
D10: 슈퍼스테디 테이블-02 | E10: [재활용] - 900X900X100 - 12T, 15T, 18T MDF NC 가공 - 지정 필름 마감 | F10: EA | G10: 1 | H10: 0
C11: Zone 2 크로스 플랫폼 | D11: 크로스 플랫폼 테이블-01 | E11: [집기 제작] - 3,000X600X900 - 12T, 15T, 18T MDF NC 가공 - 점검도어 경첩(자석) 하드웨어 - 2도 우레탄 도장 마감 | F11: EA | G11: 1 | H11: 3860000
D12: 크로스 플랫폼 테이블-02 | E12: [집기 제작] - 3,200X450X500 - 12T, 15T, 18T MDF NC 가공 - 점검도어 경첩(자석) 하드웨어 - 지정 우레탄 도장 마감 | F12: EA | G12: 1 | H12: 5000000
D13: 크로스 플랫폼 테이블-03 | E13: [집기 제작] - 5,000X600X900 - 12T, 15T, 18T MDF NC 가공 - 점검도어 경첩(자석) 하드웨어 - 2도 우레탄 도장 마감 | F13: EA | G13: 1 | H13: 6400000
D14: 크로스 플랫폼 소파 | E14: [재활용] - 1,630X500X690 - 지정 필름 마감 교체 | F14: EA | G14: 1 | H14: 600000
D15: 크로스 플랫폼 선반-01 | E15: [집기 제작] - 1,860X500X150 - 9T, 15T MDF NC 가공 - 점검도어 경첩(자석) 하드웨어 - 지정 우레탄 도장 마감 | F15: EA | G15: 1 | H15: 1500000
D16: 크로스 플랫폼 선반-02 | E16: [집기 제작] - 1,400X350X35 - 9T, 15T MDF NC 가공 - 지정 우레탄 도장 마감 | F16: EA | G16: 1 | H16: 500000
D17: 크로스 플랫폼 노트북 거치대 | E17: [집기 제작] - 500X350X80 - 18T MDF NC 가공 - 지정 우레탄 도장 마감 | F17: EA | G17: 2 | H17: 340000
D18: 피규어 쇼케이스 (크라운리스) | E18: [집기 제작] - 510X400X540 - 12T, 15T, 18T MDF NC 가공 - 5T 투명아크릴 BOX - 지정 우레탄 도장 마감 | F18: EA | G18: 1 | H18: 540000
D19: 피규어 쇼케이스 (파수인) | E19: [집기 제작] - 300X300X520 - 12T, 15T, 18T MDF NC 가공 - 5T 투명아크릴 BOX - 지정 우레탄 도장 마감 | F19: EA | G19: 1 | H19: 470000
D20: 핸즈온 테이블 | E20: [재활용] - 500X300X690 - 18T MDF NC 가공 - 9T 레이저 가공 (보수 - 하부 금속베이스 제작) - 상판 제작 - 지정 우레탄 도장 마감 | F20: EA | G20: 6 | H20: 1800000
D21: 핸즈온 스툴 | E21: [재활용] - 430X350X450 - 기성 하늘색 가구 | F21: EA | G21: 6 | H21: 0
D22: XR 소파 | E22: [재활용] - 750X600X780 사이드모듈 - 600X600X780 코너모듈 - 삼성강남 소파 | F22: EA | G22: 3 | H22: 0
D23: XR 트레이 | E23: [집기 제작] - 320X380X12 - 3T, 12T 발크로멧(칼라MDF) NC 가공 - 지정 인조가죽, 우레탄 도장 마감 | F23: EA | G23: 3 | H23: 780000
C24: Zone 3 시청각 경험 | D24: 버즈 청음 테이블 | E24: [재활용] - 1,800X900X100 - 15T, 18T MDF NC 가공 - 상판 제작 교체 - 필름마감 | F24: EA | G24: 2 | H24: 3600000
D25: 더 프리스타일 테이블 | E25: [재활용] - 미디어데이 더 프리스타일 테이블 | F25: EA | G25: 2 | H25: 0
C26: Zone 4 갤럭시 AI | D26: AI 라이브쇼 테이블 | E26: [재활용] - 2,650X1,200X750 - 1,935X720X750 - 지정 우레탄 도장 마감 (상판 보수) | F26: EA | G26: 2 | H26: 860000
D27: AI 라이브쇼 스툴 | E27: [재활용] - Ø430*H420 - 홍대 라이브쇼 스툴 | F27: EA | G27: 20 | H27: 0
C28: 베뉴 전반 | D28: 제작집기 반입/설치 | E28: [제작집기 반입] - 2.5톤 1대 4월 6일 (삼성강남->경기광주) - 3.5톤 1대, 1톤 2대 4월 13일 (평택창고->경기광주) - 1톤 1대 4월 17일 (삼성강남->경기광주) - 3.5톤 1대, 1톤 2대 4월 20일 (경기광주->코엑스) - 3.5톤 1대, 1톤 2대 4월 21일 (경기광주->코엑스) - 집기 반입, 반출 및 공장 입고 | F28: 대 | G28: 13 | H28: 5800000
E29: [제작집기 셋팅비] - 집기 양중, 집기 배치, 집기 조립 - 현장 셋팅 잡자재 및 공구 사용 | F29: 식 | G29: 1 | H29: 9600000
D30: 제작집기 철거 | E30: [재활용 집기 철거 및 반출] - 집기/ 3.5톤 2대, 1톤 4대 4월24일, 4월 25일 (코엑스->평택창고) - TV/ 3.5톤 1대 4월24일, 4월25일 (코엑스->평택창고) - 잔넬/ 1톤 1대 4월 25일 (코엑스->평택창고) - XR소파/ 1톤 2대 4월 25일 (코엑스->삼성강남) - 집기 반출 현장 철야 작업 - 현장 철거 잡자재 및 공구 사용 - 야간 상차 후 익일 하차 | F30: 대 | G30: 10 | H30: 7200000
E31: [재활용 집기 창고 입고 및 매장 재설치] - 평택 창고 입고 작업 - 삼성강남 XR쇼파 원복 작업 | F31: 식 | G31: 1 | H31: 2600000
C32: 집기 제작 소계 | H32: =SUM(H4:H31) -> 74950000
C33: 집기 제작 합계 | H33: =TRUNC(H32,-3) -> 74950000
B34: 2. 전시 제작 | C34: 베뉴 전반 | D34: 가설 공사 | E34: [주변 보양 및 현장 정리] - 30,000X29,000 - 양중 동선 보양 및 현장 정리정돈 (보양자재 포함) - 준공 청소 (설치일 및 오픈 당일) - 현장 주야간 작업 | F34: M2 | G34: =30*29 -> 870 | H34: 6500000
E35: [고소작업 리프트] - 설치: (1일차*8대)+(2일차*8대)+(3일차*4대)=20대 | F35: 대 | G35: 20 | H35: 3000000
D36: 목공사 | E36: [기본 바닥단] - 24,000X23,000 - 9T, 15T 합판 및 MDF NC 가공 - 방염도장 - 제작 및 현장 설치 작업 | F36: M2 | G36: =24*23 -> 552 | H36: 37600000
E37: [기본벽체 구조] - 55,700X5,000 - 30X30각재, 5T, 12T, 15T 합판(라운드합판포함) 및 MDF NC 가공 - 상부 라운드 구조 포함 - 방염도장 - 제작 및 현장 설치 작업 | F37: M2 | G37: =55.7*5 -> 278.5 | H37: 34800000
E41: [슈퍼스테디 벽체] - 6,000X3,000 - 30X30각재, 5T, 12T, 15T 합판 및 MDF NC 가공 - 방염도장 - 템바보드 20mm 지정 색 수성도장 마감 - 제작 및 현장 설치 작업 | F41: M2 | G41: =6*3 -> 18 | H41: 3600000
E42: [슈퍼스테디 천장] - 5,000X1,000 - 30X30각재, 5T, 12T, 15T 합판 및 MDF NC 가공 - 방염도장 - 제작 및 현장 설치 작업 | F42: M2 | G42: =5*1 -> 5 | H42: 700000
E43: [크로스 플랫폼 벽체] - 17,000X3,000 - 30X30각재, 5T, 12T, 15T 합판 및 MDF NC 가공 - 방염도장 - 간접조명 프레임 지정 필름 마감 - 제작 및 현장 설치 작업 | F43: M2 | G43: =17*3 -> 51 | H43: 8160000
E44: [크로스 플랫폼 천장] - 8,100X5,000 - 30X30각재, 5T, 12T, 15T 합판 및 MDF NC 가공 - 방염도장 - 천정 처짐 방지 보강 구조 - 제작 및 현장 설치 작업 | F44: M2 | G44: =8.1*5 -> 40.5 | H44: 5670000
E46: [더 프리스타일 벽체] - 10,000X3,000 - 30X30각재, 5T, 12T, 15T 합판 및 MDF NC 가공 - 방염도장, 지정 수성도장 마감 - 제작 및 현장 설치 작업 | F46: M2 | G46: =10*3 -> 30 | H46: 4800000
E47: [더 프리스타일 천장] - 4,000X3,000 - 30X30각재, 5T, 9T, 15T 합판 및 MDF NC 가공 - 방염도장, 지정 수성도장 마감 - 제작 및 현장 설치 작업 | F47: M2 | G47: =4*3 -> 12 | H47: 1680000
E48: [VAC 벽체] - 8,000X3,000 - 30X30각재, 5T, 12T, 15T 합판 및 MDF NC 가공 - 방염도장 - 템바보드 20mm 지정 색 수성도장 마감 - 제작 및 현장 설치 작업 | F48: M2 | G48: =8*3 -> 24 | H48: 4800000
E49: [VAC 천장] - 7,000X1,000 - 30X30각재, 5T, 12T, 15T 합판 및 MDF NC 가공 - 방염도장 - 제작 및 현장 설치 작업 | F49: M2 | G49: =7*1 -> 7 | H49: 1120000
E50: [기둥 벽체] - 8.500X3,000 - 30X30각재, 5T, 12T, 15T 합판 및 MDF NC 가공 - 도어 경첩(자석) 하드웨어 - 방염도장 - 쇼케이스 내부 지정 우레탄도장 마감 - 제작 및 현장 설치 작업 | F50: M2 | G50: =8.5*3 -> 25.5 | H50: 4080000
D51: 금속 공사 | E51: [바닥마감대] - 120X61,000 - 1.5T SUS H/L 절곡 및 용접 가공 - 내부보강용 EGI갈바 THK 1.6T - 제작 및 현장 설치 작업 | F51: M | G51: 61 | H51: 6400000
E52: [크로스 플랫폼 금속 메쉬망] - 4,600X3,000 - 각파이프, 메탈라스(50X20) - 벽부고정브라켓 3T EGI 절곡 및 레이저 가공 - 지정색 분체도장 - 제작 및 현장 설치 작업 | F52: M2 | G52: 13.8 | H52: 7200000
D54: 전기 공사 | E54: [분전반 및 배관배선] - 분전함 4개소 설치 - F-CV 3.5SQ 메인간선 작업 및 분전반 결선 - VCT 케이블 벽체 및 바닥 배선 | F54: M2 | G54: =24*23 -> 552 | H54: 17660000
E60: [콘센트 및 조명 설치] - 2구산업용노출콘센트 및 멀티콘센트 - 존별 천장 일반 매입조명 및 디밍용 매입조명 디머스위치 포함 - 트러스 전관조명200w LED투광기 34EA - 현장 설치 작업
D65: 수장 공사 | E65: [외부구조 인테리어필름 마감] - 1,200X84,000 - 지정 인테리어필름 (KCC/KS418, 현대/S216) - 퍼티 및 샌딩, 프라이머 - LOSS 포함 - 현장 설치 작업 | F65: M2 | G65: =1.2*84 -> 100.8 | H65: 5550000
E69: [외부구조 도배지 마감] - 1,200X150,000 - 지정 도배지 (KWS/K114-3) - 퍼티 및 샌딩, 프라이머, 본드 - LOSS 포함 - 현장 설치 작업 | F69: M2 | G69: =1.2*150 -> 180 | H69: 7200000
E72: [내부구조 인테리어필름 마감] - 1,200X161,000 - 지정 인테리어필름 (현대/S186, KCC/KS423, 현대/ZX162) - 퍼티 및 샌딩, 프라이머 - LOSS 포함 - 현장 설치 작업 | F72: M2 | G72: =1.2*161 -> 193.2 | H72: 10650000
E76: [바닥 마감] - 24,000X25,000 - 지정 데코타일 (NOX / NOT 1625 , NEH 2614) - 데코타일 본드 - LOSS 포함 - 현장 설치 작업 | F76: M2 | G76: =24*25 -> 600 | H76: 29800000
E79: [카페트 마감] - 8,000X4,000+2,500X2,500 - 지정 카페트 구매 (스완 / BA102) - 카페트 본드 - LOSS 포함 - 현장 설치 작업 | F79: M2 | G79: =8*4+2.5*2.5 -> 38.25 | H79: 2260000
D81: 그래픽 사인공사 | E81: [조명형 메인로고 사인] - SAMSUNG H:900 잔넬 재활용 - 재활용 보수 보완 가공 작업(도장 및 시트 부착 등) - 평택 반출 운송 | F81: EA | G81: 1 | H81: 1500000
E82: [행잉 거치프레임] - 행잉 거치프레임 50x50 각파이프 가공 / 용접 및 연마 / 지정색 분체도장 - 제작 및 현장 설치 작업 - 전기 결선 작업 | F82: M | G82: 14.6 | H82: 4200000
E83: [Micro RGB 로고 사인] - 미디어데이 Micro RGB 잔넬 재활용 및 운송 - 조명형 로고사인 후면 도장 및 배선 등 보수작업 - 거치프레임 각파이프,1.2T갈바 절곡 및 레이저 가공 / 지정색 분체도장 - SMPS교체 및 디머 포함 - 제작 및 현장 설치 작업 | F83: EA | G83: 1 | H83: 950000
E84: [아크릴 스카시] - 아크릴입체스카시 5T NC 및 레이저가공 - 현도 컷팅시트 / 실사 돔보컷팅 - 제작 및 현장 설치 작업 | F84: EA | G84: 25 | H84: 1800000
E86: [간접 LED] - 기본벽체 LED 간접조명 - 크로스 플랫폼 LED 간접조명, RGB연출 컨트롤 - 더프리스타일존 선반 LED 간접조명 - 버즈, 워치 ACC 쇼케이스 천정 LED 간접조명, 광확산PC 아크릴 - 제작 및 현장 설치 작업 | F86: M | G86: 225 | H86: 9600000
E90: [VMD 소품 연출] - VMD 디자인 및 스타일링 - 크로스 플랫폼 핸즈온 테이블 쿠키런 미니어쳐 연출 - 크로스 플랫폼 배틀그라운드 소품 연출 - 더프리스타일존 커튼 화이트/ 그레이 - 더프리스타일존 오브제/화분/탁상 시계/탁상 캘릭더/모형책 - 더프리스타일존 액자 제작 - 현장 설치 작업 | F90: 식 | G90: 1 | H90: 3500000
E97: [아크릴 소도구 제작] - 쿠키런 피규어 아크릴 받침대 4EA | F97: EA | G97: 4 | H97: 300000
E98: [아크릴 소도구 제작] - 갤럭시탭 악세서리 거치대 3EA | F98: EA | G98: 3 | H98: 150000
D99: 영상하드웨어 공사 | E99: [AI Live Show LED] - P1.98 Flat LED 4,500X2.500 - 컨트롤러 및 PC 기타 부속품류 - 현장 설치 작업 | F99: EA | G99: 45 | H99: 11700000
E101: [TV 및 사이니지 설치] - 더 무빙 스타일 27" 2대 / 무빙 스타일 43" 5대 / 55" TV 6대 / 75" TV 2대 설치 - MicroRGB 85" 1대 / MicroRGB 115" 1대 / OLED 83" 1대 설치 - Monitor ODYSSEY G9 3대 설치 - Sound BAR 2대 설치 - 통신, 영상케이블 배선 바닥, 벽체, 집기 포설작업 - 현장 설치 작업 | F101: EA | G101: 23 | H101: 9200000
E109: [스페이셜사니이지 렌탈 및 설치] - 스페이셜사이니지 렌탈 - 현장 설치 작업 | F109: EA | G109: 4 | H109: 6200000
D110: 리깅 공사 | E110: [트러스 리깅] - 14,000X9,100 (290*290 트러스 * 60m) - 메인리깅포인트 1톤, 보조포인트 와이어 천정 고정 - 트러스리깅, 리깅 안전진단비 포함 - 잡자재 및 공구사용, 공과잡비 포함 - 현장 설치 작업 | F110: M | G110: 60 | H110: 13000000
D111: 안전관리비 | E111: [안전관리비] - 안전모, 안전화, 안전벨트, 사다리아웃트리거, 말비계 낙상방지기, 소화기 등 | F111: 식 | G111: 1 | H111: 3000000
D113: 소방 공사 | E113: [자동 확산 소화기 설치] - 더프리스타일존 1EA - 크로스 플랫폼 2EA | F113: EA | G113: 3 | H113: 150000
D115: 철거 공사 | E115: [구조물 현장 철거 및 정리 정돈, 원복] - 구조 철거 현장 작업 - 산업폐기물처리 5톤 집게차 4대, 1톤 3대 - 철거 잡자재 및 공구사용 | F115: M2 | G115: =30*29 -> 870 | H115: 12000000
C119: 전시 공사 소계 | H119: =SUM(H34:H118) -> 280480000
C120: 전시 공사 합계 | H120: =TRUNC(SUM(H119),-3) -> 280480000
B121: 3. 필수보험료 | C121: 필수보험료 | D121: 산재보험료 | E121: 공사금액 * 0.85724% | F121: 식 | G121: 1 | H121: =H119*0.85724% -> 2404386.8
D122: 고용보험료 | E122: 공사금액 * 0.7685% | F122: 식 | G122: 1 | H122: =H119*0.7685% -> 2155488.8
D123: 보증보험료 | E123: 공사금액(VAT포함) * 0.102% | F123: 식 | G123: 1 | I123: 내용 삭제
C124: 필수보험료 총계 | H124: =SUM(H121:H123) -> 4559875.6
B125: 2026 World IT Show 소계 | H125: =SUM(H33,H120,H124) -> 3.5998988e+08
B126: 대행수수료 | H126: =H124*5%+(H125-H124)*17.65% -> 62961389 | I126: 보험료 5%, 이외 17.65%
B127: 2026 World IT Show 총계 | H127: =SUM(H125:H126) -> 4.2295126e+08

Sheet 신규 재활용 비교
B3: 2026 WIS | H3: 2025 WIS
B4: 신규제작 | E4: 재활용 | H4: 신규제작 | K4: 재활용
B5: 집기 | C5: 수량 | D5: 금액 | E5: 집기 | F5: 수량 | G5: 금액 | H5: 집기 | I5: 수량 | J5: 금액 | K5: 집기 | L5: 수량 | M5: 금액
B6: 스페이셜 사이니지 거치대 | C6: 4 | D6: 11200000 | E6: 2억화소 테이블-01 | F6: 1 | G6: 1200000 | H6: 금속 벤치 | I6: 1 | J6: 7240000 | K6: AI Agent Showroom TV Frame | L6: 3 | M6: 900000
B7: Micro RGB 바닥단 | C7: 1 | D7: 5400000 | E7: 2억화소 테이블-02 | F7: 1 | G7: 0 | H7: 원형 테이블 | I7: 2 | J7: 2400000 | K7: 개찰구 모형 | L7: 2 | M7: 280000
B8: Micro RGB 포디움 | C8: 1 | D8: 4500000 | E8: 슈퍼스테디 테이블-01 | F8: 1 | G8: 1200000 | H8: 소파-A | I8: 1 | J8: 5110000 | K8: 금속 선반세트 | L8: 4 | M8: 0
B9: 크로스 플랫폼 테이블-01 | C9: 1 | D9: 3860000 | E9: 슈퍼스테디 테이블-02 | F9: 1 | G9: 0 | H9: 소파-B | I9: 1 | J9: 4899000 | K9: 키트 테이블 | L9: 4 | M9: 680000
B10: 크로스 플랫폼 테이블-02 | C10: 1 | D10: 5000000 | E10: 크로스 플랫폼 소파 | F10: 1 | G10: 600000 | H10: 소파-C | I10: 1 | J10: 4747200 | K10: 키트 테이블 스툴 | L10: 8 | M10: 0
B11: 크로스 플랫폼 테이블-03 | C11: 1 | D11: 6400000 | E11: 핸즈온 테이블 | F11: 6 | G11: 1800000 | H11: School zone 캐비닛 | I11: 1 | J11: 738000 | K11: AI Art Easel | L11: 2 | M11: 0
B12: 크로스 플랫폼 선반-01 | C12: 1 | D12: 1500000 | E12: 핸즈온 스툴 | F12: 6 | G12: 0 | H12: School zone 책상 | I12: 1 | J12: 1680000 | K12: 원형 테이블 | L12: 5 | M12: 0
B13: 크로스 플랫폼 선반-02 | C13: 1 | D13: 500000 | E13: XR 소파 | F13: 3 | G13: 0 | H13: School zone 의자 | I13: 1 | J13: 575000 | K13: 악세서리 금속 거치대 | L13: 1 | M13: 0
B14: 크로스 플랫폼 노트북 거치대 | C14: 2 | D14: 340000 | E14: 버즈 청음 테이블 | F14: 2 | G14: 3600000 | H14: Trip zone 테이블 | I14: 1 | J14: 660000 | K14: 키트 테이블 | L14: 2 | M14: 340000
B15: 피규어 쇼케이스 (크라운리스) | C15: 1 | D15: 540000 | E15: 더 프리스타일 테이블 | F15: 2 | G15: 0 | H15: 핸즈온 테이블 | I15: 1 | J15: 1080000 | K15: 핸즈온 테이블 스툴 | L15: 11 | M15: 2420000
B16: 피규어 쇼케이스 (파수인) | C16: 1 | D16: 470000 | E16: AI 라이브쇼 테이블 | F16: 2 | G16: 860000 | H16: 선반 | I16: 2 | J16: 280000
B17: XR 트레이 | C17: 3 | D17: 780000 | E17: AI 라이브쇼 스툴 | F17: 20 | G17: 0 | H17: 빌트인 가구 | I17: 1 | J17: 730000
H18: 단올림 박스 | I18: 1 | J18: 135000
H19: 키트 테이블 스툴 | I19: 4 | J19: 3000000
H20: D/P 테이블 | I20: 2 | J20: 3940000
H21: 조경박스-A | I21: 1 | J21: 709000
H22: 조경박스-B | I22: 1 | J22: 880000
H23: 조경박스-C | I23: 2 | J23: 1027000
H24: 소파-A | I24: 2 | J24: 8280000
H25: 소파-B | I25: 2 | J25: 6624000
H26: 핸즈온 테이블-A | I26: 1 | J26: 8980000
H27: 핸즈온 테이블-B | I27: 1 | J27: 3020000
H28: 85" TV 프레임 | I28: 1 | J28: 970000
H29: 하드웨어 박스 | I29: 1 | J29: 180000
B30: 합계 | C30: =SUM(C6:C29) -> 18 | D30: =SUM(D6:D29) -> 40490000 | E30: 합계 | F30: =SUM(F6:F29) -> 46 | G30: =SUM(G6:G29) -> 9260000 | H30: 합계 | I30: =SUM(I6:I29) -> 33 | J30: =SUM(J6:J29) -> 67884200 | K30: 합계 | L30: =SUM(L6:L29) -> 42 | M30: =SUM(M6:M29) -> 4620000
B32: 재활용 수량 비율 | C32: =F30/SUM(C30,F30) -> 0.71875 | H32: 재활용 수량 비율 | I32: =L30/SUM(I30,L30) -> 0.56
B33: 총 금액 | C33: =SUM(D30,G30) -> 49750000 | H33: 총 금액 | I33: =SUM(J30,M30) -> 72504200

Sheet 1-3.전시_제작(수정)
B1: 증빙 상세 내역(전시제작_2026 World IT Show)
B3: 구분 | C3: 항목 | D3: 소항목 | E3: 세부내역 | F3: 단위 | G3: 수량 | H3: 금액 | I3: 현장사진
B4: 1. 집기 제작 | C4: Intro | D4: 스페이셜 사이니지 거치대 | E4: [집기 제작] - 1,200X2,100X600 - 1.5T EGI 절곡 및 레이저 가공 - 각파이프 내부보강 - 잠금도어 경첩(자석) 하드웨어 - 지정 분체 도장 마감 | F4: EA | G4: 4 | H4: 11200000
D5: Micro RGB 바닥단 | E5: [집기 제작] - 4,500X1,500X150 - 12T, 15T, 18T MDF NC 가공 - LED 간접조명 - 지정 우레탄 도장 마감 | F5: EA | G5: 1 | H5: 5400000
D6: Micro RGB 포디움 | E6: [집기 제작] - 3,200X700X500 - 12T, 15T, 18T MDF NC 가공 - 점검도어 경첩(자석) 하드웨어 - 지정 우레탄 도장 마감 | F6: EA | G6: 1 | H6: 4500000
C7: Zone 1 S26 Ultra | D7: 2억화소 테이블-01 | E7: [재활용] - 900X900X100 - 12T, 15T, 18T MDF NC 가공 - 상판 제작 교체 - 지정 필름 마감 | F7: EA | G7: 1 | H7: 1200000
D8: 2억화소 테이블-02 | E8: [재활용] - 900X900X100 - 12T, 15T, 18T MDF NC 가공 - 지정 필름 마감 | F8: EA | G8: 1 | H8: 0
D9: 슈퍼스테디 테이블-01 | E9: [재활용] - 900X900X100 - 12T, 15T, 18T MDF NC 가공 - 상판 제작 교체 - 지정 필름 마감 | F9: EA | G9: 1 | H9: 1200000
D10: 슈퍼스테디 테이블-02 | E10: [재활용] - 900X900X100 - 12T, 15T, 18T MDF NC 가공 - 지정 필름 마감 | F10: EA | G10: 1 | H10: 0
C11: Zone 2 크로스 플랫폼 | D11: 크로스 플랫폼 테이블-01 | E11: [집기 제작] - 3,000X600X900 - 12T, 15T, 18T MDF NC 가공 - 점검도어 경첩(자석) 하드웨어 - 2도 우레탄 도장 마감 | F11: EA | G11: 1 | H11: 3860000
D12: 크로스 플랫폼 테이블-02 | E12: [집기 제작] - 3,200X450X500 - 12T, 15T, 18T MDF NC 가공 - 점검도어 경첩(자석) 하드웨어 - 지정 우레탄 도장 마감 | F12: EA | G12: 1 | H12: 5000000
D13: 크로스 플랫폼 테이블-03 | E13: [집기 제작] - 5,000X600X900 - 12T, 15T, 18T MDF NC 가공 - 점검도어 경첩(자석) 하드웨어 - 2도 우레탄 도장 마감 | F13: EA | G13: 1 | H13: 6400000
D14: 크로스 플랫폼 소파 | E14: [재활용] - 1,630X500X690 - 지정 필름 마감 교체 | F14: EA | G14: 1 | H14: 600000
D15: 크로스 플랫폼 선반-01 | E15: [집기 제작] - 1,860X500X150 - 9T, 15T MDF NC 가공 - 점검도어 경첩(자석) 하드웨어 - 지정 우레탄 도장 마감 | F15: EA | G15: 1 | H15: 1500000
D16: 크로스 플랫폼 선반-02 | E16: [집기 제작] - 1,400X350X35 - 9T, 15T MDF NC 가공 - 지정 우레탄 도장 마감 | F16: EA | G16: 1 | H16: 500000
D17: 크로스 플랫폼 노트북 거치대 | E17: [집기 제작] - 500X350X80 - 18T MDF NC 가공 - 지정 우레탄 도장 마감 | F17: EA | G17: 2 | H17: 340000
D18: 피규어 쇼케이스 (크라운리스) | E18: [집기 제작] - 510X400X540 - 12T, 15T, 18T MDF NC 가공 - 5T 투명아크릴 BOX - 지정 우레탄 도장 마감 | F18: EA | G18: 1 | H18: 540000
D19: 피규어 쇼케이스 (파수인) | E19: [집기 제작] - 300X300X520 - 12T, 15T, 18T MDF NC 가공 - 5T 투명아크릴 BOX - 지정 우레탄 도장 마감 | F19: EA | G19: 1 | H19: 470000
D20: 핸즈온 테이블 | E20: [재활용] - 500X300X690 - 18T MDF NC 가공 - 9T 레이저 가공 (보수 - 하부 금속베이스 제작) - 상판 제작 - 지정 우레탄 도장 마감 | F20: EA | G20: 6 | H20: 1800000
D21: 핸즈온 스툴 | E21: [재활용] - 430X350X450 - 기성 하늘색 가구 | F21: EA | G21: 6 | H21: 0
D22: XR 소파 | E22: [재활용] - 750X600X780 사이드모듈 - 600X600X780 코너모듈 - 삼성강남 소파 | F22: EA | G22: 3 | H22: 0
D23: XR 트레이 | E23: [집기 제작] - 320X380X12 - 3T, 12T 발크로멧(칼라MDF) NC 가공 - 지정 인조가죽, 우레탄 도장 마감 | F23: EA | G23: 3 | H23: 780000
C24: Zone 3 시청각 경험 | D24: 버즈 청음 테이블 | E24: [재활용] - 1,800X900X100 - 15T, 18T MDF NC 가공 - 상판 제작 교체 - 필름마감 | F24: EA | G24: 2 | H24: 3600000
D25: 더 프리스타일 테이블 | E25: [재활용] - 미디어데이 더 프리스타일 테이블 | F25: EA | G25: 2 | H25: 0
C26: Zone 4 갤럭시 AI | D26: AI 라이브쇼 테이블 | E26: [재활용] - 2,650X1,200X750 - 1,935X720X750 - 지정 우레탄 도장 마감 (상판 보수) | F26: EA | G26: 2 | H26: 860000
D27: AI 라이브쇼 스툴 | E27: [재활용] - Ø430*H420 - 홍대 라이브쇼 스툴 | F27: EA | G27: 20 | H27: 0
C28: 베뉴 전반 | D28: 제작집기 반입/설치 | E28: [제작집기 반입] - 2.5톤 1대 4월 6일 (삼성강남->경기광주) - 3.5톤 1대, 1톤 2대 4월 13일 (평택창고->경기광주) - 1톤 1대 4월 17일 (삼성강남->경기광주) - 3.5톤 1대, 1톤 2대 4월 20일 (경기광주->코엑스) - 3.5톤 1대, 1톤 2대 4월 21일 (경기광주->코엑스) - 집기 반입 | F28: 식 | G28: 1 | H28: 5800000
E29: [제작집기 셋팅비] - 집기 양중, 집기 배치, 집기 조립 - 현장 셋팅 잡자재 및 공구 사용 | F29: 식 | G29: 1 | H29: 9600000
C30: 집기 제작 소계 | H30: =SUM(H4:H29) -> 65150000
C31: 집기 제작 합계 | H31: =TRUNC(H30,-3) -> 65150000
B32: 2. 전시 제작 | C32: 베뉴 전반 | D32: 가설 공사 | E32: [주변 보양 및 현장 정리] - 30,000X29,000 - 양중 동선 보양 및 현장 정리정돈 (보양자재 포함) - 준공 청소 (설치일 및 오픈 당일) - 현장 주야간 작업 | F32: M2 | G32: =30*29 -> 870 | H32: 6500000
E33: [고소작업 리프트] - 설치: (1일차*8대)+(2일차*8대)+(3일차*4대)=20대 | F33: 대 | G33: 20 | H33: 3000000
D34: 목공사 | E34: [기본 바닥단] - 24,000X23,000 - 9T, 15T 합판 및 MDF NC 가공 - 방염도장 - 제작 및 현장 설치 작업 | F34: M2 | G34: =24*23 -> 552 | H34: 37600000
E35: [기본벽체 구조] - 55,700X5,000 - 30X30각재, 5T, 12T, 15T 합판(라운드합판포함) 및 MDF NC 가공 - 상부 라운드 구조 포함 - 방염도장 - 제작 및 현장 설치 작업 | F35: M2 | G35: =55.7*5 -> 278.5 | H35: 34800000
E39: [슈퍼스테디 벽체] - 6,000X3,000 - 30X30각재, 5T, 12T, 15T 합판 및 MDF NC 가공 - 방염도장 - 템바보드 20mm 지정 색 수성도장 마감 - 제작 및 현장 설치 작업 | F39: M2 | G39: =6*3 -> 18 | H39: 3600000
E40: [슈퍼스테디 천장] - 5,000X1,000 - 30X30각재, 5T, 12T, 15T 합판 및 MDF NC 가공 - 방염도장 - 제작 및 현장 설치 작업 | F40: M2 | G40: =5*1 -> 5 | H40: 700000
E41: [크로스 플랫폼 벽체] - 17,000X3,000 - 30X30각재, 5T, 12T, 15T 합판 및 MDF NC 가공 - 방염도장 - 간접조명 프레임 지정 필름 마감 - 제작 및 현장 설치 작업 | F41: M2 | G41: =17*3 -> 51 | H41: 8160000
E42: [크로스 플랫폼 천장] - 8,100X5,500 - 30X30각재, 5T, 12T, 15T 합판 및 MDF NC 가공 - 방염도장 - 천정 처짐 방지 보강 구조 - 제작 및 현장 설치 작업 | F42: M2 | G42: =8.1*5.5 -> 44.55 | H42: 5670000
E44: [더 프리스타일 벽체] - 10,000X3,000 - 30X30각재, 5T, 12T, 15T 합판 및 MDF NC 가공 - 방염도장, 지정 수성도장 마감 - 제작 및 현장 설치 작업 | F44: M2 | G44: =10*3 -> 30 | H44: 4800000
E45: [더 프리스타일 천장] - 4,000X3,000 - 30X30각재, 5T, 9T, 15T 합판 및 MDF NC 가공 - 방염도장, 지정 수성도장 마감 - 제작 및 현장 설치 작업 | F45: M2 | G45: =4*3 -> 12 | H45: 1680000
E46: [VAC 벽체] - 8,000X3,000 - 30X30각재, 5T, 12T, 15T 합판 및 MDF NC 가공 - 방염도장 - 템바보드 20mm 지정 색 수성도장 마감 - 제작 및 현장 설치 작업 | F46: M2 | G46: =8*3 -> 24 | H46: 4800000
E47: [VAC 천장] - 7,000X1,000 - 30X30각재, 5T, 12T, 15T 합판 및 MDF NC 가공 - 방염도장 - 제작 및 현장 설치 작업 | F47: M2 | G47: =7*1 -> 7 | H47: 1120000
E48: [기둥 벽체] - 8.500X3,000 - 30X30각재, 5T, 12T, 15T 합판 및 MDF NC 가공 - 도어 경첩(자석) 하드웨어 - 방염도장 - 쇼케이스 내부 지정 우레탄도장 마감 - 제작 및 현장 설치 작업 | F48: M2 | G48: =8.5*3 -> 25.5 | H48: 4080000
D49: 금속 공사 | E49: [바닥마감대] - 120X61,000 - 1.5T SUS H/L 절곡 및 용접 가공 - 내부보강용 EGI갈바 THK 1.6T - 제작 및 현장 설치 작업 | F49: M | G49: 61 | H49: 6400000
E50: [크로스 플랫폼 금속 메쉬망] - 4,600X3,000 - 각파이프, 메탈라스(50X20) - 벽부고정브라켓 3T EGI 절곡 및 레이저 가공 - 지정색 분체도장 - 제작 및 현장 설치 작업 | F50: M2 | G50: 13.8 | H50: 7200000
D52: 전기 공사 | E52: [분전반 및 배관배선] - 분전함 4개소 설치 - F-CV 3.5SQ 메인간선 작업 및 분전반 결선 - VCT 케이블 벽체 및 바닥 배선 | F52: M2 | G52: =24*23 -> 552 | H52: 17660000
E58: [콘센트 및 조명 설치] - 2구산업용노출콘센트 및 멀티콘센트 - 존별 천장 일반 매입조명 및 디밍용 매입조명 디머스위치 포함 - 트러스 전관조명200w LED투광기 34EA - 현장 설치 작업
D63: 수장 공사 | E63: [외부구조 인테리어필름 마감] - 1,200X84,000 - 지정 인테리어필름 (KCC/KS418, 현대/S216) - 퍼티 및 샌딩, 프라이머 - LOSS 포함 - 현장 설치 작업 | F63: M2 | G63: =1.2*84 -> 100.8 | H63: 5550000
E67: [외부구조 도배지 마감] - 1,200X150,000 - 지정 도배지 (KWS/K114-3) - 퍼티 및 샌딩, 프라이머, 본드 - LOSS 포함 - 현장 설치 작업 | F67: M2 | G67: =1.2*150 -> 180 | H67: 7200000
E70: [내부구조 인테리어필름 마감] - 1,200X161,000 - 지정 인테리어필름 (현대/S186, KCC/KS423, 현대/ZX162) - 퍼티 및 샌딩, 프라이머 - LOSS 포함 - 현장 설치 작업 | F70: M2 | G70: =1.2*161 -> 193.2 | H70: 10650000
E74: [바닥 마감] - 24,000X25,000 - 지정 데코타일 (NOX / NOT 1625 , NEH 2614) - 데코타일 본드 - LOSS 포함 - 현장 설치 작업 | F74: M2 | G74: =24*25 -> 600 | H74: 29800000
E77: [카페트 마감] - 8,000X4,000+2,500X2,500 - 지정 카페트 구매 (스완 / BA102) - 카페트 본드 - LOSS 포함 - 현장 설치 작업 | F77: M2 | G77: =8*4+2.5*2.5 -> 38.25 | H77: 2260000
D79: 그래픽 사인공사 | E79: [조명형 메인로고 사인] - SAMSUNG H:900 잔넬 재활용 - 재활용 보수 보완 가공 작업(도장 및 시트 부착 등) - 평택 반출 운송 | F79: 식 | G79: 1 | H79: 1500000
E80: [조명형 메인로고 사인] - 행잉 거치프레임 50x50 각파이프 가공 / 용접 및 연마 / 지정색 분체도장 - 제작 및 현장 설치 작업 - 전기 결선 작업 | F80: M | G80: 14.6 | H80: 4200000
E81: [Micro RGB 로고 사인] - 미디어데이 Micro RGB 잔넬 재활용 및 운송 - 조명형 로고사인 후면 도장 및 배선 등 보수작업 - 거치프레임 각파이프,1.2T갈바 절곡 및 레이저 가공 / 지정색 분체도장 - SMPS교체 및 디머 포함 - 제작 및 현장 설치 작업 | F81: 식 | G81: 1 | H81: 950000
E82: [아크릴 스카시] - 아크릴입체스카시 5T NC 및 레이저가공 - 현도 컷팅시트 / 실사 돔보컷팅 - 제작 및 현장 설치 작업 | F82: EA | G82: 25 | H82: 1800000
E84: [간접 LED] - 기본벽체 LED 간접조명 - 크로스 플랫폼 LED 간접조명, RGB연출 컨트롤 - 더프리스타일존 선반 LED 간접조명 - 버즈, 워치 ACC 쇼케이스 천정 LED 간접조명, 광확산PC 아크릴 - 제작 및 현장 설치 작업 | F84: M | G84: 225 | H84: 9600000
E88: [VMD 소품 연출] - VMD 디자인 및 스타일링 - 크로스 플랫폼 핸즈온 테이블 쿠키런 미니어쳐 연출 - 크로스 플랫폼 배틀그라운드 소품 연출 - 더프리스타일존 커튼 화이트/ 그레이 - 더프리스타일존 오브제/화분/탁상 시계/탁상 캘릭더/모형책 - 더프리스타일존 액자 제작 - 현장 설치 작업 | F88: 식 | G88: 1 | H88: 3500000
E95: [아크릴 소도구 제작] - 쿠키런 피규어 아크릴 받침대 4EA | F95: EA | G95: 4 | H95: 300000
E96: [아크릴 소도구 제작] - 갤럭시탭 악세서리 거치대 3EA | F96: EA | G96: 3 | H96: 150000
D97: 영상하드웨어 공사 | E97: [AI Live Show LED] - P1.98 Flat LED 4,500X2.500 - 컨트롤러 및 PC 기타 부속품류 - 현장 설치 작업 | F97: 식 | G97: 1 | H97: 11700000
E99: [TV 및 사이니지 설치] - 더 무빙 스타일 27", 무빙 스타일 43", 55", 75" TV 설치 - MicroRGB 85", MicroRGB 115", OLED 83" 설치 - Monitor ODYSSEY G9 설치 - Sound BAR 설치 - 통신, 영상케이블 배선 바닥, 벽체, 집기 포설작업 - 현장 설치 작업 | F99: 식 | G99: 1 | H99: 9200000
E107: [스페이셜사니이지 렌탈 및 설치] - 스페이셜사이니지 렌탈 - 현장 설치 작업 | F107: EA | G107: 4 | H107: 6200000
D108: 리깅 공사 | E108: [트러스 리깅] - 14,000X9,100 - 트러스리깅, 리깅 안전진단비 포함 - 잡자재 및 공구사용, 공과잡비 포함 - 현장 설치 작업 | F108: 식 | G108: 1 | H108: 13000000
D109: 안전관리비 | E109: [안전관리비] - 안전모, 안전화, 안전벨트, 사다리아웃트리거, 말비계 낙상방지기, 소화기 등 | F109: 식 | G109: 1 | H109: 3000000
D111: 소방 공사 | E111: [자동 확산 소화기 설치] - 더프리스타일존 1EA - 크로스 플랫폼 2EA | F111: EA | G111: 3 | H111: 150000
D113: 철거 공사 | E113: [구조물 현장 철거 및 정리 정돈, 원복] - 구조 철거 현장 작업 - 폐기물처리비 - 철거 잡자재 및 공구사용 | F113: 식 | G113: 1 | H113: 12000000
E117: [재활용 집기 현장 철거 및 정리 정돈, 원복] - 집기/ 3.5톤 2대, 1톤 3대 4월24일, 4월 25일 (코엑스->평택창고) - TV/ 3.5톤 1대 4월24일, 4월25일 (코엑스->평택창고) - 잔넬/ 1톤 1대 4월 25일 (코엑스->평택창고) - XR소파/ 1톤 2대 4월 25일 (코엑스->삼성강남) - 집기 반출 현장 철야 작업 - 평택 창고 입고 작업 - 삼성강남 XR쇼파 원복 작업 | F117: 식 | G117: 1 | H117: 9800000
C121: 전시 공사 소계 | H121: =SUM(H32:H120) -> 290280000
C122: 전시 공사 합계 | H122: =TRUNC(SUM(H121),-3) -> 290280000
B123: 3. 필수보험료 | C123: 필수보험료 | D123: 산재보험료 | E123: 공사금액 * 0.85724% | F123: 식 | G123: 1 | H123: =H121*0.85724% -> 2488396.3
D124: 고용보험료 | E124: 공사금액 * 0.7685% | F124: 식 | G124: 1 | H124: =H121*0.7685% -> 2230801.8
D125: 보증보험료 | E125: 공사금액(VAT포함) * 0.102% | F125: 식 | G125: 1 | H125: =H121*1.1*0.102% -> 325694.16
C126: 필수보험료 총계 | H126: =SUM(H123:H125) -> 5044892.2
B127: 2026 World IT Show 소계 | H127: =SUM(H31,H122,H126) -> 3.6047489e+08
B128: 대행수수료 | H128: =H126*5%+(H127-H126)*17.65% -> 62985640 | I128: 보험료 5%, 이외 17.65%
B129: 2026 World IT Show 총계 | H129: =SUM(H127:H128) -> 4.2346053e+08

Sheet 1-3.전시_제작
B1: 증빙 상세 내역(전시제작_2026 World IT Show)
B3: 구분 | C3: 항목 | D3: 소항목 | E3: 세부내역 | F3: 단위 | G3: 수량 | H3: 금액 | I3: 현장사진
B4: 1. 집기 제작 | C4: Intro | D4: 스페이셜 사이니지 거치대 | E4: [집기 제작] - 1,200X2,100X600 - 1.5T EGI 절곡 및 레이저 가공 - 각파이프 내부보강 - 잠금도어 경첩(자석) 하드웨어 - 지정 분체 도장 마감 | F4: EA | G4: 4 | H4: 11200000
D5: Micro RGB 바닥단 | E5: [집기 제작] - 4,500X1,500X150 - 12T, 15T, 18T MDF NC 가공 - LED 간접조명 - 지정 우레탄 도장 마감 | F5: EA | G5: 1 | H5: 5400000
D6: Micro RGB 포디움 | E6: [집기 제작] - 3,200X700X500 - 12T, 15T, 18T MDF NC 가공 - 점검도어 경첩(자석) 하드웨어 - 지정 우레탄 도장 마감 | F6: EA | G6: 1 | H6: 4500000
C7: Zone 1 S26 Ultra | D7: 2억화소 테이블-01 | E7: [재활용] - 900X900X100 - 12T, 15T, 18T MDF NC 가공 - 상판 제작 교체 - 지정 필름 마감 | F7: EA | G7: 1 | H7: 1200000
D8: 2억화소 테이블-02 | E8: [재활용] - 900X900X100 - 12T, 15T, 18T MDF NC 가공 - 지정 필름 마감 | F8: EA | G8: 1 | H8: 0
D9: 슈퍼스테디 테이블-01 | E9: [재활용] - 900X900X100 - 12T, 15T, 18T MDF NC 가공 - 상판 제작 교체 - 지정 필름 마감 | F9: EA | G9: 1 | H9: 1200000
D10: 슈퍼스테디 테이블-02 | E10: [재활용] - 900X900X100 - 12T, 15T, 18T MDF NC 가공 - 지정 필름 마감 | F10: EA | G10: 1 | H10: 0
C11: Zone 2 크로스 플랫폼 | D11: 크로스 플랫폼 테이블-01 | E11: [집기 제작] - 3,000X600X900 - 12T, 15T, 18T MDF NC 가공 - 점검도어 경첩(자석) 하드웨어 - 2도 우레탄 도장 마감 | F11: EA | G11: 1 | H11: 3860000
D12: 크로스 플랫폼 테이블-02 | E12: [집기 제작] - 3,200X450X500 - 12T, 15T, 18T MDF NC 가공 - 점검도어 경첩(자석) 하드웨어 - 지정 우레탄 도장 마감 | F12: EA | G12: 1 | H12: 5000000
D13: 크로스 플랫폼 테이블-03 | E13: [집기 제작] - 5,000X600X900 - 12T, 15T, 18T MDF NC 가공 - 점검도어 경첩(자석) 하드웨어 - 2도 우레탄 도장 마감 | F13: EA | G13: 1 | H13: 6400000
D14: 크로스 플랫폼 소파 | E14: [재활용] - 1,630X500X690 - 지정 필름 마감 교체 | F14: EA | G14: 1 | H14: 600000
D15: 크로스 플랫폼 선반-01 | E15: [집기 제작] - 1,860X500X150 - 9T, 15T MDF NC 가공 - 점검도어 경첩(자석) 하드웨어 - 지정 우레탄 도장 마감 | F15: EA | G15: 1 | H15: 1500000
D16: 크로스 플랫폼 선반-02 | E16: [집기 제작] - 1,400X350X35 - 9T, 15T MDF NC 가공 - 지정 우레탄 도장 마감 | F16: EA | G16: 1 | H16: 500000
D17: 크로스 플랫폼 노트북 거치대 | E17: [집기 제작] - 500X350X80 - 18T MDF NC 가공 - 지정 우레탄 도장 마감 | F17: EA | G17: 2 | H17: 340000
D18: 피규어 쇼케이스 (크라운리스) | E18: [집기 제작] - 510X400X540 - 12T, 15T, 18T MDF NC 가공 - 5T 투명아크릴 BOX - 지정 우레탄 도장 마감 | F18: EA | G18: 1 | H18: 540000
D19: 피규어 쇼케이스 (파수인) | E19: [집기 제작] - 300X300X520 - 12T, 15T, 18T MDF NC 가공 - 5T 투명아크릴 BOX - 지정 우레탄 도장 마감 | F19: EA | G19: 1 | H19: 470000
D20: 핸즈온 테이블 | E20: [재활용] - 500X300X690 - 18T MDF NC 가공 - 9T 레이저 가공 (보수 - 하부 금속베이스 제작) - 상판 제작 - 지정 우레탄 도장 마감 | F20: EA | G20: 6 | H20: 1800000
D21: 핸즈온 스툴 | E21: [재활용] - 430X350X450 - 기성 하늘색 가구 | F21: EA | G21: 6 | H21: 0
D22: XR 소파 | E22: [재활용] - 750X600X780 사이드모듈 - 600X600X780 코너모듈 - 삼성강남 소파 | F22: EA | G22: 3 | H22: 0
D23: XR 트레이 | E23: [집기 제작] - 320X380X12 - 3T, 12T 발크로멧(칼라MDF) NC 가공 - 지정 인조가죽, 우레탄 도장 마감 | F23: EA | G23: 3 | H23: 780000
C24: Zone 3 시청각 경험 | D24: 버즈 청음 테이블 | E24: [재활용] - 1,800X900X100 - 15T, 18T MDF NC 가공 - 상판 제작 교체 - 필름마감 | F24: EA | G24: 2 | H24: 3600000
D25: 더 프리스타일 테이블 | E25: [재활용] - 미디어데이 더 프리스타일 테이블 | F25: EA | G25: 2 | H25: 0
C26: Zone 4 갤럭시 AI | D26: AI 라이브쇼 테이블 | E26: [재활용] - 2,650X1,200X750 - 1,935X720X750 - 지정 우레탄 도장 마감 (상판 보수) | F26: EA | G26: 2 | H26: 860000
D27: AI 라이브쇼 스툴 | E27: [재활용] - Ø430*H420 - 홍대 라이브쇼 스툴 | F27: EA | G27: 20 | H27: 0
C28: 베뉴 전반 | D28: 제작집기 반입/설치 | E28: [제작집기 반입] - 2.5톤 1대 4월 6일 (삼성강남->경기광주) - 3.5톤 1대, 1톤 2대 4월 13일 (평택창고->경기광주) - 1톤 1대 4월 17일 (삼성강남->경기광주) - 3.5톤 1대, 1톤 2대 4월 20일 (경기광주->코엑스) - 3.5톤 1대, 1톤 2대 4월 21일 (경기광주->코엑스) - 집기 반입 | F28: 식 | G28: 1 | H28: 5800000
E29: [제작집기 셋팅비] - 집기 양중, 집기 배치, 집기 조립 - 현장 셋팅 잡자재 및 공구 사용 | F29: 식 | G29: 1 | H29: 9600000
C30: 집기 제작 소계 | H30: =SUM(H4:H29) -> 65150000
C31: 집기 제작 합계 | H31: =TRUNC(H30,-3) -> 65150000
B32: 2. 전시 제작 | C32: 베뉴 전반 | D32: 가설 공사 | E32: [주변 보양 및 현장 정리] - 30,000X29,000 - 양중 동선 보양 및 현장 정리정돈 (보양자재 포함) - 준공 청소 (설치일 및 오픈 당일) - 현장 주야간 작업 | F32: M2 | G32: =30*29 -> 870 | H32: 6500000
E33: [고소작업 리프트] - 설치: (1일차*8대)+(2일차*8대)+(3일차*4대)=20대 | F33: 식 | G33: 1 | H33: 3000000
D34: 목공사 | E34: [기본 바닥단] - 24,000X23,000 - 9T, 15T 합판 및 MDF NC 가공 - 방염도장 - 제작 및 현장 설치 작업 | F34: M2 | G34: =24*23 -> 552 | H34: 37600000
E35: [기본벽체 구조] - 55,700X5,000 - 30X30각재, 5T, 12T, 15T 합판(라운드합판포함) 및 MDF NC 가공 - 상부 라운드 구조 포함 - 방염도장 - 제작 및 현장 설치 작업 | F35: M2 | G35: =55.7*5 -> 278.5 | H35: 34800000
E39: [슈퍼스테디 벽체] - 6,000X3,000 - 30X30각재, 5T, 12T, 15T 합판 및 MDF NC 가공 - 방염도장 - 템바보드 20mm 지정 색 수성도장 마감 - 제작 및 현장 설치 작업 | F39: M2 | G39: =6*3 -> 18 | H39: 3600000
E40: [슈퍼스테디 천장] - 5,000X1,000 - 30X30각재, 5T, 12T, 15T 합판 및 MDF NC 가공 - 방염도장 - 제작 및 현장 설치 작업 | F40: M2 | G40: =5*1 -> 5 | H40: 700000
E41: [크로스 플랫폼 벽체] - 17,000X3,000 - 30X30각재, 5T, 12T, 15T 합판 및 MDF NC 가공 - 방염도장 - 간접조명 프레임 지정 필름 마감 - 제작 및 현장 설치 작업 | F41: M2 | G41: =17*3 -> 51 | H41: 8160000
E42: [크로스 플랫폼 천장] - 8,100X5,500 - 30X30각재, 5T, 12T, 15T 합판 및 MDF NC 가공 - 방염도장 - 천정 처짐 방지 보강 구조 - 제작 및 현장 설치 작업 | F42: M2 | G42: =8.1*5.5 -> 44.55 | H42: 5670000
E44: [더 프리스타일 벽체] - 10,000X3,000 - 30X30각재, 5T, 12T, 15T 합판 및 MDF NC 가공 - 방염도장, 지정 수성도장 마감 - 제작 및 현장 설치 작업 | F44: M2 | G44: =10*3 -> 30 | H44: 4800000
E45: [더 프리스타일 천장] - 4,000X3,000 - 30X30각재, 5T, 9T, 15T 합판 및 MDF NC 가공 - 방염도장, 지정 수성도장 마감 - 제작 및 현장 설치 작업 | F45: M2 | G45: =4*3 -> 12 | H45: 1680000
E46: [VAC 벽체] - 8,000X3,000 - 30X30각재, 5T, 12T, 15T 합판 및 MDF NC 가공 - 방염도장 - 템바보드 20mm 지정 색 수성도장 마감 - 제작 및 현장 설치 작업 | F46: M2 | G46: =8*3 -> 24 | H46: 4800000
E47: [VAC 천장] - 7,000X1,000 - 30X30각재, 5T, 12T, 15T 합판 및 MDF NC 가공 - 방염도장 - 제작 및 현장 설치 작업 | F47: M2 | G47: =7*1 -> 7 | H47: 1120000
E48: [기둥 벽체] - 8.500X3,000 - 30X30각재, 5T, 12T, 15T 합판 및 MDF NC 가공 - 도어 경첩(자석) 하드웨어 - 방염도장 - 쇼케이스 내부 지정 우레탄도장 마감 - 제작 및 현장 설치 작업 | F48: M2 | G48: =8.5*3 -> 25.5 | H48: 4080000
D49: 금속 공사 | E49: [바닥마감대] - 120X61,000 - 1.5T SUS H/L 절곡 및 용접 가공 - 내부보강용 EGI갈바 THK 1.6T - 제작 및 현장 설치 작업 | F49: M | G49: 61 | H49: 6400000
E50: [크로스 플랫폼 금속 메쉬망] - 4,600X3,000 - 각파이프, 메탈라스(50X20) - 벽부고정브라켓 3T EGI 절곡 및 레이저 가공 - 지정색 분체도장 - 제작 및 현장 설치 작업 | F50: 식 | G50: 1 | H50: 7200000
D52: 전기 공사 | E52: [분전반 및 배관배선] - 분전함 4개소 설치 - F-CV 3.5SQ 메인간선 작업 및 분전반 결선 - VCT 케이블 벽체 및 바닥 배선 | F52: M2 | G52: =24*23 -> 552 | H52: 17660000
E58: [콘센트 및 조명 설치] - 2구산업용노출콘센트 및 멀티콘센트 - 존별 천장 일반 매입조명 및 디밍용 매입조명 디머스위치 포함 - 트러스 전관조명200w LED투광기 34EA - 현장 설치 작업
D63: 수장 공사 | E63: [외부구조 인테리어필름 마감] - 1,200X84,000 - 지정 인테리어필름 (KCC/KS418, 현대/S216) - 퍼티 및 샌딩, 프라이머 - LOSS 포함 - 현장 설치 작업 | F63: M2 | G63: =1.2*84 -> 100.8 | H63: 5550000
E67: [외부구조 도배지 마감] - 1,200X150,000 - 지정 도배지 (KWS/K114-3) - 퍼티 및 샌딩, 프라이머, 본드 - LOSS 포함 - 현장 설치 작업 | F67: M2 | G67: =1.2*150 -> 180 | H67: 7200000
E70: [내부구조 인테리어필름 마감] - 1,200X161,000 - 지정 인테리어필름 (현대/S186, KCC/KS423, 현대/ZX162) - 퍼티 및 샌딩, 프라이머 - LOSS 포함 - 현장 설치 작업 | F70: M2 | G70: =1.2*161 -> 193.2 | H70: 10650000
E74: [바닥 마감] - 24,000X25,000 - 지정 데코타일 (NOX / NOT 1625 , NEH 2614) - 데코타일 본드 - LOSS 포함 - 현장 설치 작업 | F74: M2 | G74: =24*25 -> 600 | H74: 29800000
E77: [카페트 마감] - 8,000X4,000+2,500X2,500 - 지정 카페트 구매 (스완 / BA102) - 카페트 본드 - LOSS 포함 - 현장 설치 작업 | F77: M2 | G77: =8*4+2.5*2.5 -> 38.25 | H77: 2260000
D79: 그래픽 사인공사 | E79: [조명형 메인로고 사인] - SAMSUNG H:900 잔넬 재활용 - 재활용 보수 보완 가공 작업(도장 및 시트 부착 등) - 행잉 거치프레임 50x50 각파이프 가공 / 용접 및 연마 / 지정색 분체도장 - 제작 및 현장 설치 작업 | F79: 식 | G79: 1 | H79: 5700000
E81: [Micro RGB 로고 사인] - 미디어데이 Micro RGB 잔넬 재활용 - 조명형 로고사인 후면 도장 및 배선 등 보수작업 - 거치프레임 각파이프,1.2T갈바 절곡 및 레이저 가공 / 지정색 분체도장 - SMPS교체 및 디머 포함 - 제작 및 현장 설치 작업 | F81: 식 | G81: 1 | H81: 950000
E82: [아크릴 스카시] - 아크릴입체스카시 5T NC 및 레이저가공 - 현도 컷팅시트 / 실사 돔보컷팅 - 제작 및 현장 설치 작업 | F82: 식 | G82: 1 | H82: 1800000
E84: [간접 LED] - 기본벽체 LED 간접조명 - 크로스 플랫폼 LED 간접조명, RGB연출 컨트롤 - 더프리스타일존 선반 LED 간접조명 - 버즈, 워치 ACC 쇼케이스 천정 LED 간접조명, 광확산PC 아크릴 - 제작 및 현장 설치 작업 | F84: 식 | G84: 1 | H84: 9600000
E88: [VMD 소품 연출] - VMD 디자인 및 스타일링 - 크로스 플랫폼 핸즈온 테이블 쿠키런 미니어쳐 연출 - 크로스 플랫폼 배틀그라운드 소품 연출 - 더프리스타일존 커튼 화이트/ 그레이 - 더프리스타일존 오브제/화분/탁상 시계/탁상 캘릭더/모형책 - 더프리스타일존 액자 제작 - 현장 설치 작업 | F88: 식 | G88: 1 | H88: 3500000
E95: [아크릴 소도구 제작] - 쿠키런 피규어 아크릴 받침대 4EA - 갤럭시탭 악세서리 거치대 3EA | F95: 식 | G95: 1 | H95: 450000
D97: 영상하드웨어 공사 | E97: [AI Live Show LED] - P1.98 Flat LED 4,500X2.500 - 컨트롤러 및 PC 기타 부속품류 - 현장 설치 작업 | F97: 식 | G97: 1 | H97: 11700000
E99: [TV 및 사이니지 설치] - 더 무빙 스타일 27", 무빙 스타일 43", 55", 75" TV 설치 - MicroRGB 85", MicroRGB 115", OLED 83" 설치 - Monitor ODYSSEY G9 설치 - Sound BAR 설치 - 통신, 영상케이블 배선 바닥, 벽체, 집기 포설작업 - 현장 설치 작업 | F99: 식 | G99: 1 | H99: 9200000
E107: [스페이셜사니이지 렌탈 및 설치] - 스페이셜사이니지 렌탈 - 현장 설치 작업 | F107: 식 | G107: 1 | H107: 6200000
D108: 리깅 공사 | E108: [트러스 리깅] - 14,000X9,100 - 트러스리깅, 리깅 안전진단비 포함 - 잡자재 및 공구사용, 공과잡비 포함 - 현장 설치 작업 | F108: 식 | G108: 1 | H108: 13000000
D109: 안전관리비 | E109: [안전관리비] - 안전모, 안전화, 안전벨트, 사다리아웃트리거, 말비계 낙상방지기, 소화기 등 | F109: 식 | G109: 1 | H109: 3000000
D111: 소방 공사 | E111: [자동 확산 소화기 설치] - 더프리스타일존 1EA - 크로스 플랫폼 2EA | F111: 식 | G111: 1 | H111: 150000
D113: 철거 공사 | E113: [구조물 현장 철거 및 정리 정돈, 원복] - 구조 철거 현장 작업 - 폐기물처리비 - 철거 잡자재 및 공구사용 | F113: 식 | G113: 1 | H113: 12000000
E117: [재활용 집기 현장 철거 및 정리 정돈, 원복] - 집기/ 3.5톤 2대, 1톤 3대 4월24일, 4월 25일 (코엑스->평택창고) - TV/ 3.5톤 1대 4월24일, 4월25일 (코엑스->평택창고) - 잔넬/ 1톤 1대 4월 25일 (코엑스->평택창고) - XR소파/ 1톤 2대 4월 25일 (코엑스->삼성강남) - 집기 반출 현장 철야 작업 - 평택 창고 입고 작업 - 삼성강남 XR쇼파 원복 작업 | H117: 9800000
C121: 전시 공사 소계 | H121: =SUM(H32:H120) -> 290280000
C122: 전시 공사 합계 | H122: =TRUNC(SUM(H121),-3) -> 290280000
B123: 3. 필수보험료 | C123: 필수보험료 | D123: 산재보험료 | E123: 공사금액 * 0.8738% | F123: 식 | G123: 1 | H123: =H121*0.8738% -> 2536466.6
D124: 고용보험료 | E124: 공사금액 * 0.7023% | F124: 식 | G124: 1 | H124: =H121*0.7023% -> 2038636.4
D125: 보증보험료 | E125: 공사금액(VAT포함) * 0.102% | F125: 식 | G125: 1 | H125: =H121*1.1*0.102% -> 325694.16
C126: 필수보험료 총계 | H126: =SUM(H123:H125) -> 4900797.2
B127: 2026 World IT Show 소계 | H127: =SUM(H31,H122,H126) -> 3.603308e+08
B128: 대행수수료 | H128: =H126*5%+(H127-H126)*17.65% -> 62978435 | I128: 보험료 5%, 이외 17.65%
B129: 2026 World IT Show 총계 | H129: =SUM(H127:H128) -> 4.2330923e+08

Sheet 2-1.키트_요약
E6: (단위: 원)
B7: 브랜드 | C7: 항목 | D7: 청구액 | E7: 비고
B8: 2026 WIS | C8: WIS 키트 | D8: ='2-2.키트'!C6 -> 17559262 | E8: * 시트 WIS 키트 견적서 및 세부 증빙 참고
C9: WIS 컨텐츠/솔루션 | D9: ='2-3.키트_컨텐츠솔루션'!C6 -> 84080926 | E9: * 시트 WIS 컨텐츠 및 솔루션 견적서 및 세부 증빙 참고
C10: WIS 설치 및 철거 | D10: ='2-4.키트_설치 및 철거'!C6 -> 24541790 | E10: * 시트 WIS 설치 및 철거 견적서 및 세부 증빙 참고
B11: 키트 총계 | D11: =SUM(D8:D10) -> 126181978
B12: 총 합계 | D12: =SUM(D11) -> 126181978

Sheet 2-2.키트
B2: 공급받는자 | E2: [ 행사 표준 견적서 ] | T2: 공급하는자
B3: CLIENT | C3: 삼성전자㈜ | E3: 아래와 같이 견적 합니다. | T3: 회사명 | U3: ㈜ 제일기획 | V3: (주) 제일기획
B4: PROJECT | C4: 2026 WIS 삼성전자관 | T4: 대표자 | U4: 김종현 | V4: 김종현
B5: PROJECT No. | T5: 사업자번호 | V5: 202-81-45960
B6: 견적금액 | C6: =S26 -> 17559262 | D6: (VAT별도) | T6: 주소 | V6: 서울시 용산구 한남동 736-1
B7: 담당자/연락처 | C7: 박형석 프로 | T7: 담당자/연락처
B9: 구분 | C9: 항목 | E9: 참여 인력 | P9: 금액 | Q9: 일수 | R9: 수량 | S9: 최종금액 | T9: 증빙 사진
E11: 디자이너 | I11: SW 기술자 | L11: 엔지니어링 기술자
E12: 특급 | F12: 고급 | G12: 중급 | H12: 초급 | I12: 응용 SW개발자 | J12: UI/UX 기획/개발자 | K12: UI/UX 디자이너 | L12: 특급 | M12: 고급 | N12: 중급 | O12: 초급
B15: 제작 | C15: 오디세이 POP 플레이트 | D15: ○ POP 플레이트 - 오디세이G9 POP 플레이트 부착 - 아크릴 화이트 무광처리 인쇄 - 평판 부착형 | P15: 120000 | R15: 3 | S15: =P15*R15 -> 360000
C16: 버즈 키트 | D16: ○ 유선 시건 크래들 교체 하우징 가공 및 마감 공정 - 회수 키트 재활용을 위한 시건줄 장착 및 키트 보수 작업 | P16: 220000 | R16: 6 | S16: =P16*R16 -> 1320000
C17: 핸즈온 키트 [ 세로형 ] Galaxy S26 Ultra | D17: ○ 베이스 - 재활용 - 기존 핸즈온(Hands-on) 몸체의 손상 없는 네임플레이트 정밀 탈거 및 부착면 본딩,양면 제거, 표면 평활화(Sanding) 등 최적의 도장을 위한 기초 표면 처리 - 반투명 화이트 컬러의 특수 조색 진행 및 전체 하우징 도장/코팅 마감 처리를 통한 신규 제품 수준의 퀄리티 제작 ○ 네임플레이트 - 신규제작 ( Galaxy S26 Ultra ) - 투명 아크릴 CNC 머시닝 : 투명 아크릴 소재를 활용하여 오차 범위를 최소화한 지정 규격 정밀 CNC 절삭 및 외곽 가공 - 반투명 S26 히어로 컬러의 특수 조색 진행 및 네임플레이트 도장/코팅 마감 처리, 신규 로고 화이트 1도 실크인쇄 마감 ○ 고속 마그네틱 충전 케이블 및 충전 어댑터 - 구매 - 기존의 파손 및 단자 분실, 고장 케이블 제거 후 신규 충전 케이블 장착 | P17: 400000 | R17: 4 | S17: =P17*R17 -> 1600000
C18: 리모컨 대형 목업 | D18: ○ 리모컨 대형 목업 리터치 - 사이즈: 1600*800*150 - 재료 : abs - 1차 자제 가공 : 레이저 ,cnc가공, mct가공 - 2차: 가공품 사상및 조립 '- 3차 : 제품 도장 (하도 우레탄 도장) - 상도 클리어 - 1도 실크인쇄 '○ 버튼 패드 도장 - 전체 화이트 도장 (하도 우레탄 도장) - 문구 1도 실크인쇄 | P18: 1500000 | R18: 1 | S18: =P18*R18 -> 1500000
D19: ○ 제품 테두리 라인 라이팅 제작 - 사이즈 50*50*4000 - 재료 : 알루미늄 프레임, led스트립,smps등, 무빙 프로그램및 컨트롤러 | P19: 1000000 | R19: 1 | S19: =P19*R19 -> 1000000
C20: ACC 월 | D20: ○ 260 판 X 12ea , 스트랩 고정 핀 - ABS 판 제단 - 후처리 작업(모래센딩) - 지정컬러 도장 - 아크릴 고정부속 제작+ 타공, 나사 작업 | P20: 2945000 | R20: 1 | S20: =P20*R20 -> 2945000
D21: ○ '260 판 X 12ea , 버즈 고정 핀 - ABS 판 제단 - 후처리 작업(모래센딩) - 지정컬러 도장 - 아크릴 고정부속 제작+ 타공, 나사 작업 | P21: 2945000 | R21: 1 | S21: =P21*R21 -> 2945000
D22: ○ 밑판3ea(인조가죽 싸바리) - 워치 스탠드 2ea | P22: 1200000 | R22: 1 | S22: =P22*R22 -> 1200000
C23: 탭 포디움 | D23: ○ 탭 포디움 스크레치, 연결부위 보수 작업 - 재도장 작업을 위한 표면 마감 처리 - 우레탄 스프레이 (자동차 도료) - 우레탄 페인트를 신너 등과 혼합하여 목표(메탈릭 실버) 색상에 도달 - 제품 표면에 균일하게 분사 | P23: 685000 | R23: 3 | S23: =P23*R23 -> 2055000
B24: 총계 | S24: =SUM(S15:S23) -> 14925000
B25: 대행수수료 | S25: =S24*17.65% -> 2634262.5
B26: 대행수수료 포함 총계 | S26: =SUM(S24:S25) -> 17559262

Sheet 2-3.키트_컨텐츠솔루션
B2: 공급받는자 | E2: [ 행사 표준 견적서 ] | U2: 공급하는자
B3: CLIENT | C3: 삼성전자㈜ | E3: 아래와 같이 견적 합니다. | U3: 회사명 | V3: ㈜ 제일기획 | W3: (주) 제일기획
B4: PROJECT | C4: 2026 WIS 삼성전자관 | U4: 대표자 | V4: 김종현 | W4: 김종현
B5: PROJECT No. | U5: 사업자번호 | W5: 202-81-45960
B6: 견적금액 | C6: =T30 -> 84080926 | D6: (VAT별도) | U6: 주소 | W6: 서울시 용산구 한남동 736-1
B7: 담당자/연락처 | C7: 박형석 프로 | U7: 담당자/연락처
B9: 구분 | C9: 항목 | E9: 참여 인력 | Q9: 금액 | R9: 일수 | S9: 수량 | T9: 최종금액 | U9: 증빙 사진 | Y9: 디자이너 (서비스∙경험) 등급별 노임단가 (2026) | AF9: SW기술자 등급별 노임단가 (2026) | AM9: 엔지니어링 기술자 (기계∙설비) 등급별 노임단가 (2026)
Y10: 구분 | Z10: 직접인건비 | AA10: 직접경비 | AB10: 재경비 | AC10: 기술료 | AD10: 최종 수렴 비용 | AF10: 구분 | AG10: 직접인건비 | AH10: 직접경비 | AI10: 재경비 | AJ10: 기술료 | AK10: 최종 수렴 비용 | AM10: 구분 | AN10: 직접인건비 | AO10: 직접경비 | AP10: 재경비 | AQ10: 기술료 | AR10: 최종 수렴 비용
E11: 디자이너 | I11: SW 기술자 | M11: 엔지니어링 기술자 | Y11: 특급 기술자 | Z11: 265163 | AA11: =Z11*10% -> 26516.3 | AB11: =Z11*30% -> 79548.9 | AC11: =(Z11+AB11)*40% -> 137884.76 | AD11: =SUM(Z11:AC11) -> 509112.96 | AF11: 응용SW개발자 | AG11: 378350 | AH11: =AG11*10% -> 37835 | AI11: =AG11*30% -> 113505 | AJ11: =(AG11+AI11)*40% -> 196742 | AK11: =SUM(AG11:AJ11) -> 726432 | AM11: 특급 기술자 | AN11: 401407 | AO11: =AN11*0.1 -> 40140.7 | AP11: =AN11*0.3 -> 120422.1 | AQ11: =(AN11+AP11)*0.4 -> 208731.64 | AR11: =SUM(AN11:AQ11) -> 770701.44
E12: 특급 | F12: 고급 | G12: 중급 | H12: 초급 | I12: 응용 SW개발자 | J12: UI/UX 기획/개발자 | K12: UI/UX 디자이너 | L12: IT PM | M12: 특급 | N12: 고급 | O12: 중급 | P12: 초급 | Y12: 고급 기술자 | Z12: 222309 | AA12: =Z12*10% -> 22230.9 | AB12: =Z12*30% -> 66692.7 | AC12: =(Z12+AB12)*40% -> 115600.68 | AD12: =SUM(Z12:AC12) -> 426833.28 | AF12: UI/UX 기획/개발자 | AG12: 336666 | AH12: =AG12*10% -> 33666.6 | AI12: =AG12*30% -> 100999.8 | AJ12: =(AG12+AI12)*40% -> 175066.32 | AK12: =SUM(AG12:AJ12) -> 646398.72 | AM12: 고급 기술자 | AN12: 335379 | AO12: =AN12*0.1 -> 33537.9 | AP12: =AN12*0.3 -> 100613.7 | AQ12: =(AN12+AP12)*0.4 -> 174397.08 | AR12: =SUM(AN12:AQ12) -> 643927.68
Y13: 중급 기술자 | Z13: 219399 | AA13: =Z13*10% -> 21939.9 | AB13: =Z13*30% -> 65819.7 | AC13: =(Z13+AB13)*40% -> 114087.48 | AD13: =SUM(Z13:AC13) -> 421246.08 | AF13: UI/UX 디자이너 | AG13: 251671 | AH13: =AG13*10% -> 25167.1 | AI13: =AG13*30% -> 75501.3 | AJ13: =(AG13+AI13)*40% -> 130868.92 | AK13: =SUM(AG13:AJ13) -> 483208.32 | AM13: 중급 기술자 | AN13: 300463 | AO13: =AN13*0.1 -> 30046.3 | AP13: =AN13*0.3 -> 90138.9 | AQ13: =(AN13+AP13)*0.4 -> 156240.76 | AR13: =SUM(AN13:AQ13) -> 576888.96
Y14: 초급 기술자 | Z14: 193221 | AA14: =Z14*10% -> 19322.1 | AB14: =Z14*30% -> 57966.3 | AC14: =(Z14+AB14)*40% -> 100474.92 | AD14: =SUM(Z14:AC14) -> 370984.32 | AF14: IT PM | AG14: 492039 | AH14: =AG14*10% -> 49203.9 | AI14: =AG14*30% -> 147611.7 | AJ14: =(AG14+AI14)*40% -> 255860.28 | AK14: =SUM(AG14:AJ14) -> 944714.88 | AM14: 초급 기술자 | AN14: 263602 | AO14: =AN14*0.1 -> 26360.2 | AP14: =AN14*0.3 -> 79080.6 | AQ14: =(AN14+AP14)*0.4 -> 137073.04 | AR14: =SUM(AN14:AQ14) -> 506115.84
B15: 컨텐츠 | C15: 스페이셜 사이니지 | D15: ○ 전체 일정 관리 및 커뮤니케이션 총괄 - 전체 제작 마스터 스케줄 수립 및 단계별 마일스톤 관리 (기획 → 디자인 → 편집 → QA → 납품) - 파트 간 작업 의존성 조율 및 병목 구간 사전 식별·대응 - 납품 포맷·해상도·재생 사양 등 기술 스펙 확인 및 각 파트 공유 - 현장 설치 일정 조율 및 하드웨어 팀과의 납품 체크리스트 관리 | L15: 1 | Q15: =E15*$AD$11+F15*$AD$12+G15*$AD$13+H15*$AD$14+I15*$AK$11+J15*$AK$12+K15*$AK$13+L15*$AK$14+M15*$AR$11+N15*$AR$12+O15*$AR$13+P15*$AR$14 -> 944714.88 | R15: 12 | T15: =ROUNDDOWN(Q15*R15,-4) -> 11330000
D16: ○ AI 팬큐 연출 및 영상 콘셉트/스크립트 기획(UI/UX 기획/개발) - 스페이셜 키오스크 4종 각각의 영상 콘셉트 수립 - AI 생성 휴먼 캐릭터 4종의 페르소나 설정 (성별, 연령대, 톤앤매너, 역할 등) - 영상별 스크립트 작성 및 내레이션·자막 방향 기획, 컨펌 대응 - AI 오브제 및 배경 요소 구성안 작성 및 연출 콘티 제작 - 키오스크 공간 특성(전면 배치, 관람 동선)을 고려한 영상 연출 구조 및 시선 유도 방향 기획 | J16: 2 | Q16: =E16*$AD$11+F16*$AD$12+G16*$AD$13+H16*$AD$14+I16*$AK$11+J16*$AK$12+K16*$AK$13+L16*$AK$14+M16*$AR$11+N16*$AR$12+O16*$AR$13+P16*$AR$14 -> 1292797.4 | R16: 6 | T16: =ROUNDDOWN(Q16*R16,-4) -> 7750000
D17: ○ AI 파이프라인 기반 영상 제작 및 후반 작업(UI/UX 디자이너) - AI 파이프라인(이미지 생성·학습 모델 활용)을 통한 메인 휴먼 4종 제작 및 비주얼 디렉션 - 영상 내 오브젝트·배경·그래픽 요소 디자인 및 브랜드 가이드라인 적용 - 휴먼 및 오브젝트 모션 제작 (AI 기반 애니메이션 툴 활용 포함) 및 영상 편집 - 4종 영상 포맷별 파일 최종 출력 및 키오스크 해상도·비율 최적화 작업 - 사운드 제작·믹싱, 영상과의 싱크 조율 - 스튜디오와 함께 진행하여 사전 양해 후 WIS 한정 특별 단가 적용 | F17: 2 | K17: 5 | Q17: =E17*$AD$11+F17*$AD$12+G17*$AD$13+H17*$AD$14+I17*$AK$11+J17*$AK$12+K17*$AK$13+L17*$AK$14+M17*$AR$11+N17*$AR$12+O17*$AR$13+P17*$AR$14 -> 3269708.2 | R17: 11 | T17: =ROUNDDOWN(Q17*R17,-4) -> 35960000
D18: ○ 스페이셜 사이니지 하드웨어 - [ASUS] NUC14 Performance NUC14SRKU7 + Win11pro - 기타 케이블 및 키보드 관리용 모니터, 라우터 등 일체 | Q18: 1700000 | S18: 1 | T18: =Q18*S18 -> 1700000
C19: 수평 고정 슈퍼스테디 | D19: ○ 컨텐츠 수정(자젼거 ver) - 변경된 콘텐츠 영상 기반 무빙스타일 아이들 및 체험 화면 이미지 변경 작업 - 체험 탭 이미지 변경 작업 및 모션 추가 작업 - 영상 콘텐츠 테스트 작업 및 체험플로우 업데이트 작업 | K19: 1 | Q19: =E19*$AD$11+F19*$AD$12+G19*$AD$13+H19*$AD$14+I19*$AK$11+J19*$AK$12+K19*$AK$13+L19*$AK$14+M19*$AR$11+N19*$AR$12+O19*$AR$13+P19*$AR$14 -> 483208.32 | R19: 4 | T19: =ROUNDDOWN(Q19*R19,-4) -> 1930000
D20: ○ 시스템 업데이트 - 소프트웨어 시스템 업데이트 작업 | I20: 1 | Q20: =E20*$AD$11+F20*$AD$12+G20*$AD$13+H20*$AD$14+I20*$AK$11+J20*$AK$12+K20*$AK$13+L20*$AK$14+M20*$AR$11+N20*$AR$12+O20*$AR$13+P20*$AR$14 -> 726432 | R20: 1 | T20: =ROUNDDOWN(Q20*R20,-4) -> 720000
C21: 존 사이니지/ 탭 컨텐츠/ 기타 | D21: ○ 존 사이니지 그래픽 디자인 작업 - WIS 향 기능별 백그라운드 그래픽 베리에이션 및 비주얼 작업 - 55"TV 컨텐츠 6ea - 43" 더무빙스타일 4ea | K21: 2 | Q21: =E21*$AD$11+F21*$AD$12+G21*$AD$13+H21*$AD$14+I21*$AK$11+J21*$AK$12+K21*$AK$13+L21*$AK$14+M21*$AR$11+N21*$AR$12+O21*$AR$13+P21*$AR$14 -> 966416.64 | R21: 6 | T21: =ROUNDDOWN(Q21*R21,-4) -> 5790000
D22: ○ 탭 포디움 그래픽 디자인 작업 - 스페이셜 사이니지 설명 / Micro RGB(85’’) 설명 안내 문구 - Tab S9 Ultra 3ea | K22: 1 | Q22: =E22*$AD$11+F22*$AD$12+G22*$AD$13+H22*$AD$14+I22*$AK$11+J22*$AK$12+K22*$AK$13+L22*$AK$14+M22*$AR$11+N22*$AR$12+O22*$AR$13+P22*$AR$14 -> 483208.32 | R22: 1 | T22: =ROUNDDOWN(Q22*R22,-4) -> 480000
D23: ○ SNS/서베이 부분 제외 / APK 재빌드 - WIS용 갤럭시 스토어 디자인 수정 - WIS용 2억화소 탭 컨텐츠 (플로우 간소화 변경) | I23: 1 | Q23: =E23*$AD$11+F23*$AD$12+G23*$AD$13+H23*$AD$14+I23*$AK$11+J23*$AK$12+K23*$AK$13+L23*$AK$14+M23*$AR$11+N23*$AR$12+O23*$AR$13+P23*$AR$14 -> 726432 | R23: 1 | T23: =ROUNDDOWN(Q23*R23,-4) -> 720000
C24: 청음존 모바일 AOD 화면 | D24: ○ 청음존 핸즈온 키트 AOD 화면 디자인 - 세로형 핸즈온/ 버즈 핸즈온 배치 3D렌더링 시안 및 설치 도면화 작업 - 모바일 AOD 화면 그래픽 디자인 작업 | E24: 1 | Q24: =E24*$AD$11+F24*$AD$12+G24*$AD$13+H24*$AD$14+I24*$AK$11+J24*$AK$12+K24*$AK$13+L24*$AK$14+M24*$AR$11+N24*$AR$12+O24*$AR$13+P24*$AR$14 -> 509112.96 | R24: 0.75 | T24: =ROUNDDOWN(Q24*R24,-4) -> 380000
C25: 쇼룸 (인터렉션 월 / 라이브쇼 미러링) | D25: ○ 쇼룸 러닝 인터렉션 월 LED월 규격 변경에 따른 배경 에셋 리사이징 및 재제작 - 화면 비율에 맞춘 레이아웃 재배치 및 해상도 업스케일링 ○ 캐릭터 렌더링 및 비주얼 정합성 최적화 - 바뀐 해상도에서 캐릭터 6종의 외형이 뭉개지거나 왜곡되지 않도록 텍스처 맵핑 최적화 및 렌더링 품질 재조정 | K25: 1 | Q25: =E25*$AD$11+F25*$AD$12+G25*$AD$13+H25*$AD$14+I25*$AK$11+J25*$AK$12+K25*$AK$13+L25*$AK$14+M25*$AR$11+N25*$AR$12+O25*$AR$13+P25*$AR$14 -> 483208.32 | R25: 1 | T25: =ROUNDDOWN(Q25*R25,-4) -> 480000
D26: ○ 시스템 업데이트 - WIS 미디어월 해상도 및 물리적 화면 비율(Aspect Ratio)에 따른 콘텐츠 표시 영역 재설계 - 변경된 디스플레이 사양에 맞춘 모바일-서버-미디어월 간의 데이터 전송 및 출력 규격 재정의 | I26: 1 | Q26: =E26*$AD$11+F26*$AD$12+G26*$AD$13+H26*$AD$14+I26*$AK$11+J26*$AK$12+K26*$AK$13+L26*$AK$14+M26*$AR$11+N26*$AR$12+O26*$AR$13+P26*$AR$14 -> 726432 | R26: 3 | T26: =ROUNDDOWN(Q26*R26,-4) -> 2170000
D27: ○ 쇼룸 인터렉션 하드웨어 - World IT show 인터렉션 PC - 모바일 확인용 모니터 22인치 - PC ↔ 화면 ↔ 모바일용 Wifi 공유기 '○ 쇼룸 미러링 솔루션 하드웨어 - Mini PC 1ea,, HDMI 1ea, HDMI Switch 1ea, 멀티탭 1ea, USB-A to C 1ea, LTE Router 1ea / 일부 재활용 | Q27: 2057000 | S27: 1 | T27: =Q27*S27 -> 2057000
B28: 총계 | T28: =SUM(T15:T27) -> 71467000
B29: 대행수수료 | T29: =T28*17.65% -> 12613926
B30: 대행수수료 포함 총계 | T30: =SUM(T28:T29) -> 84080926

Sheet 2-4.키트_설치 및 철거
B2: 공급받는자 | E2: [ 행사 표준 견적서 ] | T2: 공급하는자
B3: CLIENT | C3: 삼성전자㈜ | E3: 아래와 같이 견적 합니다. | T3: 회사명 | U3: ㈜ 제일기획 | V3: (주) 제일기획
B4: PROJECT | C4: 2026 WIS 삼성전자관 | T4: 대표자 | U4: 김종현 | V4: 김종현
B5: PROJECT No. | T5: 사업자번호 | V5: 202-81-45960
B6: 견적금액 | C6: =S21 -> 24541790 | D6: (VAT별도) | T6: 주소 | V6: 서울시 용산구 한남동 736-1
B7: 담당자/연락처 | T7: 담당자/연락처
B9: 구분 | C9: 항목 | E9: 참여 인력 | P9: 금액 | Q9: 일수 | R9: 수량 | S9: 최종금액 | T9: 증빙 사진 | X9: 디자이너 (서비스∙경험) 등급별 노임단가 (2026) | AE9: SW기술자 등급별 노임단가 (2026) | AL9: 엔지니어링 기술자 (기계∙설비) 등급별 노임단가 (2026)
X10: 구분 | Y10: 직접인건비 | Z10: 직접경비 | AA10: 재경비 | AB10: 기술료 | AC10: 최종 수렴 비용 | AE10: 구분 | AF10: 직접인건비 | AG10: 직접경비 | AH10: 재경비 | AI10: 기술료 | AJ10: 최종 수렴 비용 | AL10: 구분 | AM10: 직접인건비 | AN10: 직접경비 | AO10: 재경비 | AP10: 기술료 | AQ10: 최종 수렴 비용
E11: 디자이너 | I11: SW 기술자 | L11: 엔지니어링 기술자 | X11: 특급 기술자 | Y11: 265163 | Z11: =Y11*10% -> 26516.3 | AA11: =Y11*30% -> 79548.9 | AB11: =(Y11+AA11)*40% -> 137884.76 | AC11: =SUM(Y11:AB11) -> 509112.96 | AE11: 응용SW개발자 | AF11: 378350 | AG11: =AF11*10% -> 37835 | AH11: =AF11*30% -> 113505 | AI11: =(AF11+AH11)*40% -> 196742 | AJ11: =SUM(AF11:AI11) -> 726432 | AL11: 특급 기술자 | AM11: 401407 | AN11: =AM11*0.1 -> 40140.7 | AO11: =AM11*0.3 -> 120422.1 | AP11: =(AM11+AO11)*0.4 -> 208731.64 | AQ11: =SUM(AM11:AP11) -> 770701.44
E12: 특급 | F12: 고급 | G12: 중급 | H12: 초급 | I12: 응용 SW개발자 | J12: UI/UX 기획/개발자 | K12: UI/UX 디자이너 | L12: 특급 | M12: 고급 | N12: 중급 | O12: 초급 | X12: 고급 기술자 | Y12: 222309 | Z12: =Y12*10% -> 22230.9 | AA12: =Y12*30% -> 66692.7 | AB12: =(Y12+AA12)*40% -> 115600.68 | AC12: =SUM(Y12:AB12) -> 426833.28 | AE12: UI/UX 기획/개발자 | AF12: 336666 | AG12: =AF12*10% -> 33666.6 | AH12: =AF12*30% -> 100999.8 | AI12: =(AF12+AH12)*40% -> 175066.32 | AJ12: =SUM(AF12:AI12) -> 646398.72 | AL12: 고급 기술자 | AM12: 335379 | AN12: =AM12*0.1 -> 33537.9 | AO12: =AM12*0.3 -> 100613.7 | AP12: =(AM12+AO12)*0.4 -> 174397.08 | AQ12: =SUM(AM12:AP12) -> 643927.68
X13: 중급 기술자 | Y13: 219399 | Z13: =Y13*10% -> 21939.9 | AA13: =Y13*30% -> 65819.7 | AB13: =(Y13+AA13)*40% -> 114087.48 | AC13: =SUM(Y13:AB13) -> 421246.08 | AE13: UI/UX 디자이너 | AF13: 251671 | AG13: =AF13*10% -> 25167.1 | AH13: =AF13*30% -> 75501.3 | AI13: =(AF13+AH13)*40% -> 130868.92 | AJ13: =SUM(AF13:AI13) -> 483208.32 | AL13: 중급 기술자 | AM13: 300463 | AN13: =AM13*0.1 -> 30046.3 | AO13: =AM13*0.3 -> 90138.9 | AP13: =(AM13+AO13)*0.4 -> 156240.76 | AQ13: =SUM(AM13:AP13) -> 576888.96
X14: 초급 기술자 | Y14: 193221 | Z14: =Y14*10% -> 19322.1 | AA14: =Y14*30% -> 57966.3 | AB14: =(Y14+AA14)*40% -> 100474.92 | AC14: =SUM(Y14:AB14) -> 370984.32 | AE14: IT PM | AF14: 492039 | AG14: =AF14*10% -> 49203.9 | AH14: =AF14*30% -> 147611.7 | AI14: =(AF14+AH14)*40% -> 255860.28 | AJ14: =SUM(AF14:AI14) -> 944714.88 | AL14: 초급 기술자 | AM14: 263602 | AN14: =AM14*0.1 -> 26360.2 | AO14: =AM14*0.3 -> 79080.6 | AP14: =(AM14+AO14)*0.4 -> 137073.04 | AQ14: =SUM(AM14:AP14) -> 506115.84
B15: 설치 및 철거 | C15: 설치 | D15: ○ 컨텐츠, 솔루선, 키트 설치 - 투입 기간 : 4/21 - 총 1매장(식비,유류비,물류비 포함) - 제작 키트 설치 - 설치 키트 : 스페이셜 사이니지 4ea, 탭 포디움 3ea, 프라이버시 디스플레이 쇼케이스 2ea, 2억 화소 2ea, 슈퍼스테디 2ea, 갤럭시 스토어 2ea, VAC존 버튼 킷 1ea, 리모컨 거치대, 리모컨 대형 목업, ACC 월, 포토어시스트 6ea, 버즈 키트 6ea, Miracle 핸즈온 17ea | I15: 2 | L15: 9 | M15: 7 | O15: 1 | P15: =E15*$AC$11+F15*$AC$12+G15*$AC$13+H15*$AC$14+I15*$AJ$11+J15*$AJ$12+K15*$AJ$13+L15*$AQ$11+M15*$AQ$12+N15*$AQ$13+O15*$AQ$14 -> 13402787 | Q15: 1 | S15: =ROUNDDOWN(P15*Q15,-4) -> 13400000
C16: 오픈대기 | D16: ○ 오픈대기 - 투입기간: 4/22 - 오픈 이슈 대응 대기 인원 (VAC 버튼 솔루션 및 키트 전체) | M16: 1 | N16: 1 | P16: =E16*$AC$11+F16*$AC$12+G16*$AC$13+H16*$AC$14+I16*$AJ$11+J16*$AJ$12+K16*$AJ$13+L16*$AQ$11+M16*$AQ$12+N16*$AQ$13+O16*$AQ$14 -> 1220816.6 | Q16: 1 | S16: =ROUNDDOWN(P16*Q16,-4) -> 1220000
C17: 무선시건 | D17: ○ 무선시건 설치 - 투입 기간 : 4/21 | L17: 1 | M17: 1 | P17: =E17*$AC$11+F17*$AC$12+G17*$AC$13+H17*$AC$14+I17*$AJ$11+J17*$AJ$12+K17*$AJ$13+L17*$AQ$11+M17*$AQ$12+N17*$AQ$13+O17*$AQ$14 -> 1414629.1 | Q17: 1 | S17: =ROUNDDOWN(P17*Q17,-4) -> 1410000
C18: 철거 | D18: ○ 컨텐츠, 솔루선, 키트 철거 - 투입기간 : 4/24 - 철거 키트 : 스페이셜 사이니지 4ea, 탭 포디움 3ea, 프라이버시 디스플레이 쇼케이스 2ea, 2억 화소 2ea, 슈퍼스테디 2ea, 갤럭시 스토어 2ea, VAC존 버튼 킷 1ea, 리모컨 거치대, 리모컨 대형 목업, ACC 월, 포토어시스트 6ea, 버즈 키트 6ea, Miracle 핸즈온 17ea | I18: 2 | L18: 10 | O18: 1 | P18: =E18*$AC$11+F18*$AC$12+G18*$AC$13+H18*$AC$14+I18*$AJ$11+J18*$AJ$12+K18*$AJ$13+L18*$AQ$11+M18*$AQ$12+N18*$AQ$13+O18*$AQ$14 -> 9665994.2 | Q18: 0.5 | S18: =ROUNDDOWN(P18*Q18,-4) -> 4830000
B19: 총계 | S19: =SUM(S15:S18) -> 20860000
B20: 대행수수료 | S20: =S19*17.65% -> 3681790
B21: 대행수수료 포함 총계 | S21: =SUM(S19:S20) -> 24541790

Sheet 3-1.운영
B1: 2026 World IT Show 삼성전자관 운영 청구서
K3: ( 단위 : KRW)
B4: 구분 | C4: 항목 | D4: 구성 | E4: 단위 | F4: 수량 | G4: 일 | H4: 사전견적 | I4: 거래가격 | J4: 차액 | K4: 비고
B5: 공통 | C5: 기획비 | D5: 행사 운영 기획비 | E5: 식 | F5: 1 | G5: 1 | H5: 5000000 | I5: 5000000 | J5: =I5-H5 -> 0 | K5: ○ 제안서 기획, 실행계획 및 운영매뉴얼 작성 | L5: - 25 WIS 4백만 / 25 KES 5백만 - 어떤 내용으로 발생된 금액인지 상세 설명 요청드립니다. > 저희가 부담해야하는 사유 설명 (스튜디오와 동일) - 금액 청구 기준도 확인 必 (인건비 베이스인지, 작성된 제안서가 있는지) | M5: -25년 KES, 기후박람회 모두 500만원 청구했습니다. 이 비용은 협력사의 운영 매뉴얼 작성, 사전 제품 테스트 및 현장 운영 등 운영사의 인건비 베이스 입니다. 증빙으로 운영안 일부와 인건비 청구 근거 첨부합니다. | N5: 2025 WIS / 2025 KES 동일비용
C6: 소계 (1) | H6: =SUM(H5:H5) -> 5000000 | I6: =SUM(I5:I5) -> 5000000 | J6: =I6-H6 -> 0
B7: 운영 | C7: 인건비 | D7: 팬큐레이터 운영 인건비 | E7: 인 | F7: ='운영_인력 근무표'!D7 -> 22 | G7: ='운영_인력 근무표'!L3 -> 3 | H7: =(((210000+(21000*5))*36)*1)+(((210000+(21000*2))*36)*2) -> 29484000 | I7: ='운영_인건비 단가표'!E12*('운영_인력 근무표'!G7+'운영_인력 근무표'!H7+'운영_인력 근무표'!I7) -> 20171800 | J7: =I7-H7 -> -9312200 | K7: ○ 근무일자 및 시간 - 팬큐레이터 22인 -04/22 1일차 (10.5시간) / 07시-17시30분 -04/23 2일차 (8시간) / 09시30분-17시30분 -04/24 3일차 (8시간) / 09시30분-17시30분
D8: 팬큐레이터 리허설 인건비 | E8: 인 | F8: ='운영_인력 근무표'!D7 -> 22 | G8: ='운영_인력 근무표'!L4 -> 1 | H8: =210000*36 -> 7560000 | I8: ='운영_인건비 단가표'!E12*'운영_인력 근무표'!F7 -> 2283600 | J8: =I8-H8 -> -5276400 | K8: ○ 사전 현장 교육 및 리허설 -04/21 교육 및 리허설 (3시간) / 16시-19시
D9: 국문 도슨트 팬큐레이터 운영 인건비 | E9: 인 | F9: ='운영_인력 근무표'!D31 -> 2 | G9: ='운영_인력 근무표'!L3 -> 3 | H9: =(((240000+(24000*5))*2)*1)+(((240000+(24000*2))*2)*2) -> 1872000 | I9: ='운영_인건비 단가표'!E16*('운영_인력 근무표'!G31+'운영_인력 근무표'!H31+'운영_인력 근무표'!I31) -> 2178000 | J9: =I9-H9 -> 306000 | K9: ○ 근무일자 및 시간 - 국문 도슨트 2인 -04/22 1일차 (10.5시간) / 07시-17시30분 -04/23 2일차 (8.5시간) / 09시-17시30분 -04/24 3일차 (8.5시간) / 09시-17시30분 * 4/23 국가 AI전략위, 4/24 방통위 VIP 건으로 인한 조기 출근(9시)으로 인건비 추가 | L9: - 0.5시간 추가된 내역들(국문도슨트 등) 오른쪽 붉은글씨를 비고 아래에도 추가해주세요 | M9: - 추가 완료 | N9: 4/23 국가 AI전략위, 4/24 방통위 VIP 건으로 인한 조기 출근(9시)으로 비용 추가
D10: 국문 도슨트 팬큐레이터 리허설 인건비 | E10: 인 | F10: ='운영_인력 근무표'!D31 -> 2 | G10: ='운영_인력 근무표'!L4 -> 1 | H10: =240000*2 -> 480000 | I10: ='운영_인건비 단가표'!E16*'운영_인력 근무표'!F31 -> 237600 | J10: =I10-H10 -> -242400 | K10: ○ 사전 현장 교육 및 리허설 - 4/21 국문 사전 리허설 (3시간) / 16시-19시
D11: 영문 도슨트 팬큐레이터 운영 인건비 | E11: 인 | F11: ='운영_인력 근무표'!D35 -> 2 | G11: ='운영_인력 근무표'!L3 -> 3 | H11: =(((270000+(27000*5))*2)*1)+(((270000+(27000*2))*2)*2) -> 2106000 | I11: ='운영_인건비 단가표'!E14*('운영_인력 근무표'!G35+'운영_인력 근무표'!H35+'운영_인력 근무표'!I35) -> 2358500 | J11: =I11-H11 -> 252500 | K11: ○ 근무일자 및 시간 - 영문 도슨트 2인 -04/22 1일차 (10.5시간) / 07시-17시30분 -04/23 2일차 (8시간) / 09시30분-17시30분 -04/24 3일차 (8시간) / 09시30분-17시30분
D12: 영문 도슨트 팬큐레이터 리허설 인건비 | E12: 인 | F12: ='운영_인력 근무표'!D31 -> 2 | G12: ='운영_인력 근무표'!L4 -> 1 | H12: =270000*2 -> 540000 | I12: ='운영_인건비 단가표'!E14*'운영_인력 근무표'!F35 -> 267000 | J12: =I12-H12 -> -273000 | K12: ○ 사전 현장 교육 및 리허설 -04/21 교육 및 리허설 (3시간) / 16시-19시
D13: 슈퍼바이저 운영 인건비 | E13: 인 | F13: ='운영_인력 근무표'!D39 -> 6 | G13: ='운영_인력 근무표'!L3 -> 3 | H13: =(((160000+(16000*5))*2)*1)+(((160000+(16000*2))*2)*2) -> 1248000 | I13: =('운영_인건비 단가표'!E21*'운영_인력 근무표'!D39*'운영_인력 근무표'!G40)+('운영_인력 근무표'!D39*'운영_인력 근무표'!H40*'운영_인건비 단가표'!E21)+('운영_인력 근무표'!D39*'운영_인력 근무표'!I40*'운영_인건비 단가표'!E21) -> 4831200 | J13: =I13-H13 -> 3583200 | K13: ○ 근무일자 및 시간 - 슈퍼바이저 6인 -04/22 1일차 (11시간) / 07시-18시 -04/23 2일차 (9시간) / 09시-18시 -04/24 3일차 (10.5시간) / 08시30분-19시 *4/24 방통위 VIP건으로 인한 조기 오픈 세팅 인건비 비용 추가 | M13: - 비고 추가 완료 | N13: 4/24 방통위 VIP건으로 인한 조기 오픈 세팅비용 추가
D14: 슈퍼바이저 사전 / 현장 세팅 인건비 | E14: 인 | F14: ='운영_인력 근무표'!D39 -> 6 | G14: ='운영_인력 근무표'!L4 -> 1 | H14: =(((160000+(16000*4))*2)*1)+(((160000+(16000*13))*2)*1)+(((160000+(16000*4))*2)*1)+(100000*2) -> 1832000 | I14: =(COUNTA('운영_인력 근무표'!E40:E41)*'운영_인건비 단가표'!E21*'운영_인력 근무표'!E40)+('운영_인력 근무표'!D39*'운영_인건비 단가표'!E21*'운영_인력 근무표'!F40)+('운영_인력 근무표'!D39*'운영_인건비 단가표'!E20) -> 3081600 | J14: =I14-H14 -> 1249600 | K14: ○ 사전 세팅 -4/20 (11시간) / 10시-21시 ○ 현장 세팅 -4/21 (12시간) / 10시-22시 -현장 세팅 수당 6인 | L14: - 20일 브롤 계정 세팅이 11시간 걸린건가요? 아니면 다른 세팅도 함께 들어간걸까요? > 정확한 20일 사전세팅 시간 확인 필요 | M14: - 사전 세팅 상세 근무 내용 ( 배그, 명조, 쿠키런 세팅 건입니다) -4/20 (11시간) / 10시-21시 : 크로스 플랫폼 제품 사전 수령 및 초기 세팅 (약 1시간 소요) > 갤럭시 S26 U 7대 / 갤럭시 탭 S9+ 2대 / 갤럭시 탭 S11 1대 / 갤럭시 북6 3대 세팅 : 배틀그라운드 PC 버전 클라이언트 설치 및 계정 점검 (약 2시간 소요) > 배틀그라운드 PC 버전 클라이언트 2대 / 슈퍼계정 4개 설치 및 테스트 : 배틀그라운드 모바일 버전 클라이언트 설치 및 계정 점검 (약 1시간 소요) > 배틀그라운드 모바일 버전 클라이언트 2대 / 슈퍼계정 5개 설치 및 테스트 : 명조 PC 버전 클라이언트 설치 및 슈퍼 계정 정상 연동 점검 (약 7시간 소요) > 명조 PC 버전 클라이언트 1대 / 슈퍼 계정 2개 설치 및 테스트 : 명조 모바일버전 클라이언트 APK 설치 및 슈퍼 계정 정상 연동 점검 (약 2시간 소요) > 명조 모바일 버전 클라이언트 2대(모바일1/탭1) / 슈퍼계정 6개 설치 및 테스트 : 쿠키런 : 오븐스매시 슈퍼 계정 정상 연동 점검 (약 1시간 소요) > 쿠키런 모바일 버전 클라이언트 4대 / 슈퍼계정 9개 설치 및 테스트
D15: 운영요원 운영 인건비 | E15: 인 | F15: ='운영_인력 근무표'!D47 -> 11 | G15: ='운영_인력 근무표'!L3 -> 3 | H15: =(12*(10500*8+15750*2)*1)+(12*(10500*8)*1)+(12*(15750*8+21000*3)*1) -> 4662000 | I15: =('운영_인건비 단가표'!E23*'운영_인력 근무표'!D47*'운영_인력 근무표'!M49)+('운영_인건비 단가표'!E23*'운영_인력 근무표'!D47*'운영_인력 근무표'!H48)+('운영_인건비 단가표'!E23*'운영_인력 근무표'!M51*'운영_인력 근무표'!D47)+('운영_인건비 단가표'!E24*'운영_인력 근무표'!D47*'운영_인력 근무표'!N49)+('운영_인건비 단가표'!E24*'운영_인력 근무표'!D47*'운영_인력 근무표'!N51) -> 3385800 | J15: =I15-H15 -> -1276200 | K15: ○ 근무일자 및 시간 - 운영요원 11인 -04/22 1일차 (11시간/휴게 1시간 포함) / 07시-18시 -04/23 2일차 (9시간/휴게 1시간 포함) / 09시-18시 -04/24 3일차 (10시간/휴게 1시간 포함) / 09시-19시 | N15: 4/24 철거시, 운영요원 1시간 연장 근무
D16: 운영요원 사전 세팅 인건비 | E16: 인 | F16: ='운영_인력 근무표'!D47 -> 11 | G16: ='운영_인력 근무표'!L4 -> 1 | H16: =(4*(10500*8+15750*1)*1) -> 399000 | I16: =('운영_인건비 단가표'!E23*'운영_인력 근무표'!D47*'운영_인력 근무표'!M47)+('운영_인력 근무표'!D47*'운영_인력 근무표'!N47*'운영_인건비 단가표'!E24) -> 1485000 | J16: =I16-H16 -> 1086000 | K16: ○ 현장 세팅 -4/21 (12시간/휴게 1시간 포함) / 10시-22시
D17: 팬큐레이터 초상권 | E17: 인 | F17: 2 | G17: 1 | H17: 0 | I17: =F17*G17*'운영_인건비 단가표'!E35 -> 300000 | J17: =I17-H17 -> 300000 | K17: ○ 팬큐레이터 초상권 비용 - 보도자료 촬영 초상권노출 비용
C18: 소계 (2) | H18: =SUM(H7:H17) -> 50183000 | I18: =SUM(I7:I17) -> 40580100 | J18: =I18-H18 -> -9602900
C19: 부대 인건비 | D19: 운영 식대 | E19: 식 | F19: 206 | G19: 1 | H19: =(10*(10000*2)*1)+(13*(10000*3)*1)+(40*(10000*1)*1)+(58*(10000*1)*1)+(18*(10000*1)*1)+(6*(10000*2)*1) -> 1870000 | I19: =(17*(10000*2)*2)+(26*(10000*1)*1)+(17*(10000*1)*2)+(26*(10000*1)*3) -> 2060000 | J19: =I19-H19 -> 190000 | K19: ○ 식비 - 현장 세팅 & 철거 식비 : 04/21, 4/24 총 2일, 슈퍼바이저 6인, 운영요원 11인 (1일2식) - 현장 리허설 식비 : 04/21, 팬큐레이터 26인 (1일1식) - 근무 운영 식비 : 04/22~23 총 2일, 슈퍼바이저 6인, 운영요원 11인 (1일1식), : 04/22~04/24 총 3일, 팬큐레이터 26인 (1일1식) | L19: - 팬큐 26명인데 30으로 기입 (비고란만 오기입 일까요?) - 10000*206으로 일괄 곱해진 현재 수식 대신 10000*[(2*2*18)+(26*1) 식의 확인 쉬운방식으로의 표기 요청드립니다. (위 인건비 표시주신바와 같이) | M19: -[수정완료]죄송합니다. 최종 금액은 변동없으며 인원수 오기입 건입니다 - 수식 수정 완료
D20: 세탁비 | E20: 인 | F20: 37 | G20: 1 | H20: =(12*10000*1) -> 120000 | I20: ='운영_인건비 단가표'!E37*'3-1.운영'!F20 -> 370000 | J20: =I20-H20 -> 250000 | K20: ○ 세탁비 - 팬큐레이터 26인, 운영요원 11인 / 운영 종료 후 세탁비
D21: 이동 교통비 | E21: 인 | F21: 1 | G21: 1 | H21: =(12*10000*1) -> 120000 | I21: ='3-9. 보험 및 진행비'!H14 -> 70100 | J21: =I21-H21 -> -49900 | K21: ○ 이동 택시비 - 26.04.03 한남동(RX) → 서교동(삼성스토어 홍대) / 갤럭시XR 테스트 및 버즈4 수령 - 26.04.09 한남동(RX) → 서교동(삼성스토어 홍대) / 갤럭시XR 및 비전 AI 컴패니언 테스트 - 26.04.15 한남동(RX) → 서초동(삼성 강남) / 미디어데이 답사 및 인계 물자 점검 - 26.04.17 한남동(RX) → 서초동(삼성 강남) / 미디어데이 인계 물자 수령 - 26.04.17 서초동(삼성 강남) → 한남동(RX) / 미디어데이 인계 물자 이동
C22: 소계 (3) | H22: =SUM(H19:H20) -> 1990000 | I22: =SUM(I19:I21) -> 2500100 | J22: =I22-H22 -> 510100
C23: 컨텐츠 | D23: 스크립트 작성 | E23: 식 | F23: 1 | G23: 1 | I23: ='3-3. 운영_컨텐츠'!H12 -> 3500000 | K23: ○ 국문 스크립트 작성 작업 - 총 6종 (Micro RGB / 크로스 플랫폼 / 갤럭시XR / 버즈 청음&꾸미기 / 더프리스타일 / Vision AI) - 5분/10분 VIP 도슨트 버전 | L23: - 증빙 첨부주신 내용이 스크립트 페이지 전체 첨부일까요? (아닐시 보강 요청) - 장당 청구는 물론 아닐듯 하나, 제작 스크립트 페이지수가 준것에 대비/ 전년 WIS KES와 가격 구별이 크게 없어 청구 기준을 여쭈어봅니다! | M23: - 영문 번역 스크립트 증빙 추가합니다. - 장당 청구는 아니고 스크립트는 각 존당 50만원이 기준입니다. 단, VIP 도슨트의 경우 5분/10분 버전 1개존으로 카운팅하여 총 7개존=7종 스크립트 작성 기준
E24: 식 | F24: 1 | G24: 1 | I24: ='3-3. 운영_컨텐츠'!H13 -> 1000000 | K24: ○ 영문 스크립트 번역 작업 - 5분/10분 VIP 도슨트 버전 번역
C25: 소계 (4) | H25: =SUM(H23,H24,#REF!,#REF!,#REF!,#REF!,#REF!) -> #REF! | I25: =I23+I24 -> 4500000 | J25: =I25-H25 -> #REF!
C26: 시스템 | D26: XR 나우웨이팅 시스템 및 메시지 전송 비용 | E26: 식 | F26: 1 | G26: 1 | H26: 268400 | I26: ='3-4. 운영_시스템'!H12+'3-4. 운영_시스템'!H13 -> 362283 | J26: =I26-H26 -> 93883 | K26: ○ 사용기간 - 4/22~4/24 / 3일 | L26: - 나우웨이팅 청구명세서 첨부 바랍니다. | M26: - 원알엑스 거래명세서로 갈음/ 기존 사진 증빙 有
D27: 도슨트 음향 (이동식 스피커) | E27: 식 | F27: 1 | G27: 1 | H27: 12656000 | I27: ='3-4. 운영_시스템'!H14 -> 2860000 | J27: =I27-H27 -> -9796000 | K27: ○ 도슨트 음향 - KANALS 포터블 스피커 2대 / 4일 - 휴대용 기가폰 2대 / 4일 ○ 운송비 - 왕복 물류비 2회 | L27: - 음향 렌탈내역도 거래내역서 첨부 부탁드리겠습니다. - 도슨트 음향 청구 비용 기준도 함께 확인 바랍니다. (렌탈 내역서 내 몇일*어떤장비 렌탈인지 상세한 내용 필요) | M27: - 도슨트 음향 장비 내역 상세 내역 증빙 추가
C28: 소계 (5) | H28: =SUM(H26:H27) -> 12924400 | I28: =SUM(I26:I27) -> 3222283 | J28: =I28-H28 -> -9702117
C29: 제작물 | D29: 체험 안내 POP | E29: 식 | F29: 1 | G29: 1 | H29: 719950 | I29: ='3-5. 운영_제작물'!H14 -> 411500 | J29: =I29-H29 -> -308450 | K29: ○ 고객 체험 안내 POP (5종) : 초상권 안내 2ea : 운영준비중 2ea : AI Live Show 시간표 1ea | L29: - 전년처럼 표로 간단히 구분된 내용도 증빙으로 함께 첨부주시면 좋을 것 같습니다. - 혹시 출력물 비용 상승이 있었을까요? > 마찬가지로 수량대비 비용이 전년과 큰 구별x | M29: - 첨부완료 - 최근 인쇄 원자재(용지, 잉크 등)가격 상승과 출력 공정의 인건비 인상으로 인해 협력업체의 기본 제작 단가가 불가피하게 조정되었습니다.
D30: 팬큐레이터 유니폼 인쇄 | E30: 개 | F30: 32 | G30: 1 | H30: 2702700 | I30: ='3-5. 운영_제작물'!H12 -> 176000 | J30: =I30-H30 -> -2526700 | K30: ○ 팬큐레이터 상의 유니폼[블루 셔츠] 삼성로고 실크 인쇄 비용 -버퍼 포함 32벌
D31: 운영스텝 유니폼 | E31: 개 | F31: 3 | G31: 1 | H31: 643500 | I31: ='3-5. 운영_제작물'!H13 -> 128700 | J31: =I31-H31 -> -514800 | K31: ○ 운영스텝 상의 맨투맨 - 3벌 | N31: 재고분 부족하여 3벌 구매
C32: 소계 (6) | H32: =SUM(H29:H31) -> 4066150 | I32: =SUM(I29:I31) -> 716200 | J32: =I32-H32 -> -3349950
C33: 네트워크 | D33: 행사장 네트워크 구축 및 사용비 | E33: 식 | F33: 1 | G33: 1 | H33: 7040000 | I33: ='3-6. 운영_네트워크'!H12 -> 5650000 | J33: =I33-H33 -> -1390000 | K33: ○ 총 2회선 (유/무선 2개) ○ 04월 19일 / 11:00~14:00(3시간) / SKT 기사 2인, 메인 1인, 서브 1인 ○ 04월 21일 / 24:00~08:00(8시간) / 메인 1인. 서브 1인, - EPS실 UTP연결 작업 및 회선 OPEN 테스팅 작업 건물 내부 노후화 확인 및 설계 내부 인터넷 선 확인 작업, 회선 포설 위치 계획 작업 내부 벽체 판넬 및 외부 선 진입로 파악, 전시사 협의 - 야간 행사장 부스 각 포인트 UTP 포설 및 매립 작업(내부 철야 작업) UTP 회선 설계 진행 (UTP 작업 : 유선 인테넷을 공유기를 사용 할 수 있도록 무선 회선량 및 회선 분리 작업) - 행사장 부스 포인트에 공유기 간선 및 설치 , UTP 연결 셋팅(내부/외부 철야 작업) - UTP 무선 인터넷 연결 작업 및 효율성 셋팅 셋팅 후 컨트롤에 따라 회선 사용량 한도 조절 및 회선 분배 작업 ○ 04월 22일 / 15:00~21:00(6시간) / 메인 1인, 서브 1인 - 인터넷 연결 테스팅 및 감리 | L33: - 거래명세서 첨부 가능할지 확인 부탁드립니다. - 네트워크 설치는 어떤 업체/어떤분이 진행해주시는 건가요? > 청구 기준 확인이 필요합니다 (사용료일지 설치 인건비일지.) > 사용료는 별도 무선 네트워크 비용을 청구받았기 때문에 / 설치 인력비라면 별도 표기 위해서 더더욱 증빙 필요 | M33: -상세 거래 내역 증빙 첨부 - 유/무선 네트워크 설치를 전문으로하는 업체입니다. 비용 내 항목 하기와 같습니다. - 설치 인건비 (적합 여부 사전 검수, 라인 포설 작업, EPS실 UTP 연결, 회선 설치 작업 등) - 장비 및 자재비 (무선 AP 연결 장비, UTP 케이블, 젠더 등) - 회선 이용료 (네트워크 사용료)
C34: 소계 (7) | H34: =SUM(H33:H33) -> 7040000 | I34: =SUM(I33) -> 5650000 | J34: =I34-H34 -> -1390000
C35: 렌탈 | D35: 휴게 공간 및 현장 운영사무실 물품 렌탈 | E35: 식 | F35: 1 | G35: 1 | H35: 8250000 | I35: ='3-7. 운영_렌탈'!H12 -> 8250000 | J35: =I35-H35 -> 0 | K35: ○ 휴게공간 및 현장 운영사무실 공간조성 물품 렌탈 [렌탈 증빙 시트 참고] - 파티션80ea, 테이블35ea, 의자70ea, 행거 6ea, 전신거울2ea, 냉온수기 5식, 쓰레기통 5식 등 ○ 운영 물품 렌탈 - 무전기 20ea, 복합기1ea,, 멀티탭 40ea, 소화기 15ea 등 | L35: - 마찬가지로 내역서 있으시면 첨부 바랍니다. - 증빙 시트에도 렌탈물품들 수량 측면과 동일하게 기재 바랍니다. > 상사한 렌탈 물품/수량이 깅비된 거래내역서 필요 | M35: 상세 거래 내역 증빙 첨부
C36: 소계 (8) | H36: =SUM(H35:H35) -> 8250000 | I36: =SUM(I35:I35) -> 8250000 | J36: =I36-H36 -> 0
C37: 운영 물품 및 물류 | D37: 설치 / 세팅 물자 운송비 | E37: 식 | F37: 1 | G37: 1 | H37: 330000 | I37: ='3-8. 운영_구매&운송'!H17 -> 590000 | J37: =I37-H37 -> 260000 | K37: ○ 베뉴 세팅 물자(세팅 제품, 운영물자) 운송비 총 12건 | L37: - 구매 영수증 첨부 바랍니다. (원가 추정 해당내용 X)
D38: 운영 물품 구입비 | E38: 식 | F38: 1 | G38: 1 | H38: =3000*32*3 -> 288000 | I38: ='3-8. 운영_구매&운송'!H12+'3-8. 운영_구매&운송'!H13 -> 299990 | K38: ○ 운영 소모품 구입 - 04.22~04.24 / 3일 사용 물품 구매 - 제품닦이 융, 가그린 750ml, 스트랩실, 섬유탈취제, 테이프클리너, 물티슈, 마른걸레, 먼지 제거제 스프레이, 3M 양면테이프, 박스테이프, 모서리캡, 비상약, 계수기 등 ○ 노트북 보호캡 - USB 포트 봉인용 보호캡 구매
D39: 콘솔 컨트롤러 | E39: 식 | F39: 0 | G39: 0 | H39: =3000*2640 -> 7920000 | I39: ='3-8. 운영_구매&운송'!H14 -> 65670 | K39: ○ 크로스 플랫폼존 콘솔 컨트롤러 구매 - 콘트롤러 1대 구입 | M39: 원알엑스 거래명세서로 갈음/ 기존 사진 증빙 有
D40: 버즈 꾸미기 스티커 | E40: 장 | F40: 450 | G40: 1 | H40: 0 | I40: ='3-8. 운영_구매&운송'!H16 -> 870100 | J40: ○ 버즈 커스텀 체험용 꾸미기 스티커 구매 비용 | K40: ○ 버즈 커스텀 체험용 꾸미기 스티커 구매 비용 : 이니셜 스티커 250ea : 꾸미기 스티커 150ea ; 테이프 스티커 9ea : 3D 에폭시 스티커 50ea : 미니 데코 스티커 150ea
D41: 버즈 커스텀 용품 | E41: 식 | F41: 1 | G41: 1 | H41: =3000*2640 -> 7920000 | I41: ='3-8. 운영_구매&운송'!H15 -> 81990 | K41: ○ 버즈 커스텀 테이블 매트 및 스티커 배치 트레이 & 핀셋 구매
C42: 소계 (9) | H42: =SUM(H37:H37) -> 330000 | I42: =SUM(I37:I41) -> 1907750 | J42: =I42-H42 -> 1577750
C43: 보험 | D43: 행사장 보험료 | E43: 식 | F43: 1 | G43: 1 | H43: 829500 | I43: ='3-9. 보험 및 진행비'!H12 -> 974600 | J43: =I43-H43 -> 145100 | K43: 4/22-04/24 운영기간 행사 보험
D44: 현장 근무자 보험료 | E44: 식 | F44: 1 | G44: 1 | H44: 723222 | I44: ='3-9. 보험 및 진행비'!H13 -> 307710 | J44: =I44-H44 -> -415512 | K44: ○ 현장 근무자 보험 - 총 43인(팬큐레이터 22인, 도슨트 팬큐레이터 4인, 슈퍼바이져 6인, 운영요원 11인) - 04/22-04/24
C45: 소계 (10) | H45: =SUM(H43:H44) -> 1552722 | I45: =SUM(I43:I44) -> 1282310 | J45: =I45-H45 -> -270412
B46: 외주비 합계 | I46: =SUM(I6,I18,I22,I25,I28,I32,I34,I36,I42,I45) -> 73608743
B47: 대행수수료 | I47: =SUM(I6,I18,I22,I25,I28,I32,I34)*17.65%+SUM(I36,I42,I45)*5% -> 11544776 | K47: 보험, 운송, 단순구매 5% 이외 17.65% 적용
B48: 2026 WIS 운영 합계 | H48: =SUM(#REF!,H34,H32,H28,H25,H22,H18,H6,H45,H42,H36) -> #REF! | I48: =SUM(I46+I47) -> 85153519 | J48: =I48-H48 -> #REF!

Sheet 운영_기획료
B1: 거래명세서 (기획료)
B2: 공급받는자(위탁자) | F2: [ 행사 표준 견적서 ] | J2: 공급자(수탁자)
B3: 회사명 | C3: ㈜제일기획 | F3: 아래와 같이 견적 합니다. [ 산출물: 제작결과물 ] | J3: 회사명 | L3: 원리테일익스페리언스코리아리미티드(영업소)
B4: Job Name | C4: 2026 삼성전자 World IT Show 운영 | J4: 대표자 | L4: 김동진
B5: Job | C5: K2S26915001 | J5: 사업자번호 | L5: 839-84-00015
B6: 거래가격 | C6: =F14 -> 5000000 | E6: (VAT별도) | J6: 주소 | L6: 서울시 강남구 학동로 105, 3층(논현동, 제이빌딩)
B7: 담당자/연락처 | C7: 허진영 프로 | J7: 담당자/연락처 | L7: 문정기 프로
B9: 내역 | F9: 합계 | G9: 6월 청구
B10: 부문 | C10: 항목 | D10: 소항목 | E10: 세부내역 | G10: 금액 | H10: 단가 | I10: 인원 | J10: 수량 (개월) | K10: 투입율 | L10: 비고
B11: 2026 삼성전자 World IT Show 기획/운영 | C11: 사전기획 및 현장 운영 관리 | D11: 기획/운영료 | E11: 2026 삼성전자 World IT Show 기획 및 운영 | F11: =SUM(G11) -> 3026982.4 | G11: =H11*I11*J11*K11 -> 3026982.4 | H11: =3783728*2 -> 7567456 | I11: 1 | J11: 2 | K11: 0.2 | L11: 책임연구원 1명 참여율 20% / 2026년도 학술용역단가 기준
E12: 2026 삼성전자 World IT Show 기획 및 운영 | F12: =SUM(G12) -> 2321049.6 | G12: =H12*I12*J12*K12 -> 2321049.6 | H12: =2901312*2 -> 5802624 | I12: 2 | J12: 2 | K12: 0.1 | L12: 연구원 2명 참여율 10% / 2026년도 학술용역단가 기준
C13: 기획료 소계 | F13: =SUM(F11:F12) -> 5348032 | G13: =SUM(G11:G12) -> 5348032
B14: 총계 | F14: =TRUNC(G13,-6) -> 5000000 | G14: =SUM(G13) -> 5348032
F16: 순서 | G16: 구분 | L16: 업무
F17: 1 | G17: 책임연구원 1명 | L17: - 2026 삼성전자 World IT Show 세부운영안 작성 (03/10~04/20) : 03/10 OT 자료 및 방향성 자료 수령 : 03/11~13 방향성에 따른 타이틀 워딩 제안 작업 : 03/16~03/27 프로그램 별 운영 방안 및 도슨트 운영안 초안 작성 > 고객 체험 Journey 작성 > Micro RGB 체험 프로세스 및 운영 방안 초안 작업 > 2억 화소 체험 프로세스 및 운영 방안 초안 작업 > 슈퍼스테디 체험 프로세스 및 운영 방안 초안 작업 > 크로스플랫폼 체험 프로세스 및 운영 방안 초안 작업 > 갤럭시 XR 체험 프로세스 및 운영 방안 초안 작업 > 갤럭시 XR 구글 맵 서치 & 3D 이미지 변환 체험 FLOW 작업 > 버즈 청음 & 커스텀 체험 프로세스 및 운영 방안 초안 작업 > 더프리스타일 체험 프로세스 및 운영 방안 초안 작업 > 비전 AI 컴패니언 체험 프로세스 및 운영 방안 초안 작업 > AI 라이브 쇼 & AI 포토 어시스트 체험 프로세스 및 운영 방안 초안 작업 > VIP 도슨트 5분 경험 프로세스 동선 제안 작업 > VIP 도슨트 전관 방송 시스템 제안 작업 > 팬큐레이터 유니폼 제안 작업 > 닷플랜 작업 : 03/28 프로그램 별 운영방안 수정 작업 > 갤럭시 XR 페이스커버 구매 제안 > 버즈 커스텀 꾸미기 재료 (스티커 등) 제안 > 크로스플랫폼 게임 IP별 배치 기기 제안 > 굿즈 별 소진 방안 작업 : 03/29 프로그램 별 운영방안 수정 작업 > 프로그램 개요 페이지 작업 > 갤럭시 XR 체험프로세스 및 사전 예약 방안 작업 : 03/30 프로그램 별 운영방안 수정 작업 > 갤럭시 XR 현장 테스트 결과 반영 (구글맵 서치 & 치지직XR & 3D 이미지 변환) > AI 라이브 쇼 굿즈 수령 프로세스 작업 : 03/31 프로그램 별 운영방안 수정 작업 > 갤럭시 XR 나우웨이팅 활용 방안 제안 작업 > 기타 프로그램 별 피드백 사항 수정 반영 : 04/01 프로그램 별 운영방안 및 세부 운영안 작업 > 크로스플랫폼 갤럭시 스토어 쿠폰 내용 추가 > 기타 프로그램 별 피드백 사항 수정 반영 : 04/02~03 운영계획안 세부 수정 작업 > Intro Highlight Zone (Micro RGB + 프라이버시 디스플레이) 운영 방안 작업 > 그 외 전시안 수정에 따른 동선 및 프로그램 별 운영방안 수정 작업 : 04/06 운영계획안 세부 수정 작업 > 프로그램 별 체험 시간 시뮬레이션 작업 > 스페이셜 사이니지 별 스크립트 작업 > 그 외 프로그램 별 피드백 사항 수정 반영 : 04/07 운영계획안 세부 수정 작업 > 버즈 커스텀용 소품 (케이스&스티커 등) 구매 제안 작업 : 04/09 운영계획안 세부 수정 작업 > 버즈 청음존 음원 제안 > 비전 AI 컴패니언 발화 문구 및 세부 운영안 작업 > 그 외 전시안 수정 및 피드백에 따른 세부 수정 작업 : 04/13 운영안 수정 작업 > 현장 배치용 POP 시안 작업 및 제안 > 크로스플랫폼 게이밍허브 체험용 컨트롤러 구매 제안 > 크로스플랫폼 PC 체험용 헤드셋 및 기타 장비 제안 : 04/14 운영안 수정 작업 > 크로스플랫폼 인소스유출방지방안 제안 작업 : 04/17 운영계획안 세부 수정 작업 > 닷플랜 및 인력 별 R&R 수정 작업 > KPI 측정 방안 제안 > 프로그램 별 제품 리스트 작업 : 04/20 운영계획안 세부 수정 작업 > 피드백에 따른 운영계획안 최종 수정 작업 - 프로그램 별 현장 테스트 및 물자 인계 작업 (03/30~04/20) : 03/30 삼성스토어 홍대 갤럭시 XR 프로그램 테스트 (삼성스토어 홍대) > 구글 맵 서치, 3D 이미지 변환, 치지직 XR, 유튜브 등 갤럭시 XR 제품 테스트 진행 : 03/31 오디세이 G9 미러링 화면 비율 테스트 (삼성스토어 홍대) > 갤럭시 북 활용 배틀그라운드 실행 및 화면 비율 테스트 진행 : 04/03 갤럭시 XR MWC 프로그램 구동 테스트 (삼성스토어 홍대) > 구글 맵 서치 활용 체험 가능한 해외 관광지 확인 : 04/09 비전 AI 컴패니언 테스트 진행 (삼성스토어 홍대) > 컨텐츠(무비/푸드/스포츠) 별 발화 테스트 진행 : 04/10~13 배틀그라운드 PC 정상 구동 테스트 (ONE-RX) > 창고 보관 데스크톱 내 배틀그라운드 설치 및 정상 구동 가능 여부 테스트 진행 : 04/14 배틀그라운드 모바일 마스터 계정 테스트 (ONE-RX) > 수령 마스터 계정 접속 및 정상 구동 여부 테스트 진행 : 04/15 삼성강남 미디어데이 현장 테스트 (삼성강남) > 비전 AI 컴패니언 솔루션 작동 및 발화 현장 테스트 진행 > 더 프리스타일+ 컨텐츠 별 CXP (오토 키스톤, 오토 레벨링) 현장 테스트 진행 > 게이밍 허브 (명조) 설치 및 구동 현장 테스트 진행 : 04/16 명조 : 게더링웨이브 슈퍼 계정 테스트 (ONE-RX) > 모바일, PC 슈퍼계정 접속 가능 여부 및 정상 구동 테스트 진행 : 04/17 무빙스타일 - 갤럭시 XR - 갤럭시 탭 간 미러링 구동 테스트 (삼성스토어 홍대) > 갤럭시 XR 구동 및 갤럭시 탭 Demo APP 실행 중 무빙스타일 동시 미러링 가능 여부 테스트 진행 : 04/17 미디어데이 제품 인계 (삼성 강남) > 미디어 데이 제품 中 WIS 인계 제품 수령 (더 프리스타일3대 / 헤드셋 3대 / 콘솔 컨트롤러 2대) : 04/20 콘솔 컨트롤러 정상 구동 여부 테스트 > 미디어 데이 인계 컨트롤러 제품 활용 게이밍 허브 명조 구동 가능 여부 테스트 진행 - 2026 삼성전자 World IT Show 현장 세팅 및 운영 (04/21~04/24) > 2026 삼성전자 World IT Show 현장 세팅 및 운영 총괄 (프로그램 별 세팅 및 팬큐레이터 관리, KPI 현황 보고 및 현장 관리 총괄) > 운영 기간 내 VIP 도슨트 관리 총괄 (주최측 일정 어레인지, 국/영문 VIP도슨트 운영 등) - 2026 삼성전자 World IT Show 사후 결과 보고 및 정산 (04/27~05/11) : 사후 결과보고 작성 작업 > 주요 KPI 결과 작성 > 행사 총평 및 Lesson Learned 작성 > 미디어 노출 결과 작성 > 프로그램 별 운영 결과 작성 > 도슨트 투어 운영 결과 작성 (VIP 도슨트 투어 주요 반응 및 현장 사진) > 기타 운영 결과 작성 > 타사 부스 운영 사례 작성
F22: 2 | G22: 연구원 2명 | L22: - 2026 삼성전자 World IT Show 세부운영안 작성 (03/10~04/20) : 각 프로그램별 운영 방안 작성 보조 : BOH 구성, 네트워크 배치 등 운영안 작성 : 제작물 및 프로그램 별 컨텐츠 배치안 작성 : 프로그램 별 배치 제품 리스트 작성 : 유니폼 제안 및 로고 브랜딩 제안 작성 : 포토 어시스트 체험 컨텐츠 제안 작성 : 버즈 커스텀 필요 물자 (아크릴, 스티커 등) 구매 관련 내용 작성 : 기타 세부 운영 방안 작성 보조 - 프로그램 별 현장 테스트 및 물자 인계 작업 (03/30~04/20) : 03/30 삼성스토어 홍대 갤럭시 XR 프로그램 테스트 (삼성스토어 홍대) > 구글 맵 서치, 3D 이미지 변환, 치지직 XR, 유튜브 등 갤럭시 XR 제품 테스트 진행 : 03/31 오디세이 G9 미러링 화면 비율 테스트 (삼성스토어 홍대) > 갤럭시 북 활용 배틀그라운드 실행 및 화면 비율 테스트 진행 : 04/03 갤럭시 XR MWC 프로그램 구동 테스트 (삼성스토어 홍대) > 구글 맵 서치 활용 체험 가능한 해외 관광지 확인 : 04/09 비전 AI 컴패니언 테스트 진행 (삼성스토어 홍대) > 컨텐츠(무비/푸드/스포츠) 별 발화 테스트 진행 : 04/10~13 배틀그라운드 PC 정상 구동 테스트 (ONE-RX) > 창고 보관 데스크톱 내 배틀그라운드 설치 및 정상 구동 가능 여부 테스트 진행 : 04/14 배틀그라운드 모바일 마스터 계정 테스트 (ONE-RX) > 수령 마스터 계정 접속 및 정상 구동 여부 테스트 진행 : 04/15 삼성강남 미디어데이 현장 테스트 (삼성강남) > 비전 AI 컴패니언 솔루션 작동 및 발화 현장 테스트 진행 > 더 프리스타일+ 컨텐츠 별 CXP (오토 키스톤, 오토 레벨링) 현장 테스트 진행 > 게이밍 허브 (명조) 설치 및 구동 현장 테스트 진행 : 04/16 명조 : 게더링웨이브 슈퍼 계정 테스트 (ONE-RX) > 모바일, PC 슈퍼계정 접속 가능 여부 및 정상 구동 테스트 진행 : 04/17 무빙스타일 - 갤럭시 XR - 갤럭시 탭 간 미러링 구동 테스트 (삼성스토어 홍대) > 갤럭시 XR 구동 및 갤럭시 탭 Demo APP 실행 중 무빙스타일 동시 미러링 가능 여부 테스트 진행 : 04/17 미디어데이 제품 인계 (삼성 강남) > 미디어 데이 제품 中 WIS 인계 제품 수령 (더 프리스타일3대 / 헤드셋 3대 / 콘솔 컨트롤러 2대) : 04/20 콘솔 컨트롤러 정상 구동 여부 테스트 > 미디어 데이 인계 컨트롤러 제품 활용 게이밍 허브 명조 구동 가능 여부 테스트 진행 - 2026 삼성전자 World IT Show 현장 세팅 및 운영 (04/21~04/24) > 프로그램 별 운영 물자 및 제품/컨텐츠 세팅 관리 > 제작물 및 존 사이니지 컨텐츠 세팅 관리 > 프로그램 별 팬큐레이터 스크립트 점검 및 고객 응대 관리 > 시간대별 현장 KPI & 운영 사진 취합 및 보고 > 프로그램 별 고객 주요 반응 취합 및 보고 > VIP 도슨트 별 사진, 주요 반응 등 결과 취합 및 보고 > KPI, 굿즈 등 일일 보고 작성 > 주최측 VIP 도슨트 일정 변동사항 취합 및 데일리 업데이트 보고 > 그 외 전반적인 현장 업무 보조 진행 (프로그램 별 세팅 및 팬큐레이터 관리, KPI 현황 보고 및 현장 관리 총괄) > 운영 기간 내 VIP 도슨트 관리 총괄 (주최측 일정 어레인지, 국/영문 VIP도슨트 운영 등) - 2026 삼성전자 World IT Show 사후 결과 보고 및 정산 (04/27~05/11) : 사후 결과보고 작성 작업 > 주요 KPI 결과 작성 > 행사 총평 및 Lesson Learned 작성 > 미디어 노출 결과 작성 > 프로그램 별 운영 결과 작성 > 도슨트 투어 운영 결과 작성 (VIP 도슨트 투어 주요 반응 및 현장 사진) > 기타 운영 결과 작성 > 타사 부스 운영 사례 작성

Sheet 3-2.운영_인건비
F1: =F34-L33 -> 2430000
B2: 내역 | F2: 합계 | H2: 전체금액
B3: 부문 | C3: 항목 | D3: 소항목 | E3: 세부내역 | H3: 단가 | I3: 인원 | J3: 수량 (시간) | K3: 일수 | L3: 금액 | M3: 비고
B4: 2026 WIS 삼성전자관 | C4: 인건비 | D4: 팬큐레이터 | E4: 팬큐레이터 운영인건비 - 제품 및 진행 이벤트 등 대 고객 정보전달 업무 수행 | F4: =SUM(L4) -> 7992600 | H4: 34600 | I4: ='운영_인력 근무표'!E5 -> 22 | J4: 10.5 | K4: 1 | L4: =H4*I4*J4*K4 -> 7992600 | M4: ○근무일자 및 시간 -04/22 1일차 (10.5시간) / 07시-17시30분
F5: =SUM(L5) -> 12179200 | H5: 34600 | I5: ='운영_인력 근무표'!E5 -> 22 | J5: 8 | K5: 2 | L5: =H5*I5*J5*K5 -> 12179200 | M5: ○근무일자 및 시간 -04/23 2일차 (8시간) / 09시30분-17시30분 -04/24 3일차 (8시간) / 09시30분-17시30분
E6: 팬큐레이터 사전리허설 | F6: =SUM(L6) -> 2283600 | H6: 34600 | I6: 22 | J6: 3 | K6: 1 | L6: =H6*I6*J6*K6 -> 2283600 | M6: ○ 사전 현장 교육 및 리허설 -04/21 교육 및 리허설 (3시간) / 16시-19시
E7: 팬큐레이터 초상권비 | F7: =SUM(L7) -> 300000 | H7: 150000 | I7: 2 | J7: 1 | K7: 1 | L7: =H7*I7*J7*K7 -> 300000 | M7: ○ 팬큐레이터 초상권 비용 : 남/여 각 1인, 총 2인
D8: 국문 도슨트 | E8: 국문 도슨트 운영인건비 - VIP 도슨트(국문) 진행 업무 수행 | F8: =SUM(L8) -> 831600 | H8: 39600 | I8: 2 | J8: 10.5 | K8: 1 | L8: =H8*I8*J8*K8 -> 831600 | M8: ○근무일자 및 시간 -04/22 1일차 (10.5시간) / 07시-17시30분
F9: =SUM(L9) -> 1346400 | H9: 39600 | I9: 2 | J9: 8.5 | K9: 2 | L9: =H9*I9*J9*K9 -> 1346400 | M9: ○근무일자 및 시간 -04/23 2일차 (8.5시간) / 09시 -17시30분 -04/24 3일차 (8.5시간) / 09시-17시30분
E10: 국문 도슨트 사전리허설 | F10: =SUM(L10) -> 237600 | H10: 39600 | I10: 2 | J10: 3 | K10: 1 | L10: =H10*I10*J10*K10 -> 237600 | M10: ○ 사전 현장 교육 및 리허설 -04/21 교육 및 리허설 (3시간) / 16시-19시
D11: 영문 도슨트 | E11: 영문 도슨트 운영인건비 - VIP 도슨트(국문) 진행 업무 수행 | F11: =SUM(L11) -> 934500 | H11: 44500 | I11: 2 | J11: 10.5 | K11: 1 | L11: =H11*I11*J11*K11 -> 934500 | M11: ○근무일자 및 시간 -04/22 1일차 (10.5시간) / 07시-17시30분
F12: =SUM(L12) -> 1424000 | H12: 44500 | I12: 2 | J12: 8 | K12: 2 | L12: =H12*I12*J12*K12 -> 1424000 | M12: ○근무일자 및 시간 -04/23 2일차 (8시간) / 09시30분-17시30분 -04/24 3일차 (8시간) / 09시30분-17시30분
E13: 영문 도슨트 사전리허설 | F13: =SUM(L13) -> 267000 | H13: 44500 | I13: 2 | J13: 3 | K13: 1 | L13: =H13*I13*J13*K13 -> 267000 | M13: ○ 사전 현장 교육 및 리허설 -04/21 교육 및 리허설 (3시간) / 16시-19시
D14: 슈퍼바이저 | E14: 슈퍼바이저 운영인건비 | F14: =SUM(L14) -> 1742400 | H14: 26400 | I14: 6 | J14: 11 | K14: 1 | L14: =H14*I14*J14*K14 -> 1742400 | M14: ○근무일자 및 시간 -04/22 1일차 (11시간) / 07시-18시
F15: =SUM(L15) -> 1425600 | H15: 26400 | I15: 6 | J15: 9 | K15: 1 | L15: =H15*I15*J15*K15 -> 1425600 | M15: ○근무일자 및 시간 -04/23 2일차 (9시간) / 09시-18시
F16: =SUM(L16) -> 1663200 | H16: 26400 | I16: 6 | J16: 10.5 | K16: 1 | L16: =H16*I16*J16*K16 -> 1663200 | M16: ○근무일자 및 시간 -04/24 3일차 (10.5시간) / 08시30분-19시
F17: =SUM(L17) -> 580800 | H17: 26400 | I17: 2 | J17: 11 | K17: 1 | L17: =H17*I17*J17*K17 -> 580800 | M17: ○ 사전 세팅 -4/20 (11시간) / 10시-21시
F18: =SUM(L18) -> 1900800 | H18: 26400 | I18: 6 | J18: 12 | K18: 1 | L18: =H18*I18*J18*K18 -> 1900800 | M18: ○ 현장 세팅 -4/21 (12시간) / 10시-22시
E19: 슈퍼바이져 세팅수당 | F19: =SUM(L19) -> 600000 | H19: 100000 | I19: 6 | J19: 1 | K19: 1 | L19: =H19*I19*J19*K19 -> 600000 | M19: ○ 현장 세팅 수당 6인
D20: 운영요원 | E20: 운영요원 운영인건비(평일 기본근무) | F20: =SUM(L20) -> 2851200 | H20: 10800 | I20: 11 | J20: 8 | K20: 3 | L20: =H20*I20*J20*K20 -> 2851200 | M20: ○ 근무일자 및 시간 - 운영요원 11인 -04/22 1일차 (휴게 1시간 포함 11시간) / 07시-18시 -04/23 2일차 (휴게 1시간 포함 9시간) / 09시-18시 -04/24 3일차 (휴게 1시간 포함 10시간) / 09시-19시
E21: 운영요원 운영인건비(4/22 연장근무) | F21: =SUM(L21) -> 356400 | H21: 16200 | I21: 11 | J21: 2 | K21: 1 | L21: =H21*I21*J21*K21 -> 356400
E22: 운영요원 운영인건비(4/24 연장근무) | F22: =SUM(L22) -> 178200 | H22: 16200 | I22: 11 | J22: 1 | K22: 1 | L22: =H22*I22*J22*K22 -> 178200
E23: 운영요원 사전세팅 (기본근무) | F23: =SUM(L23) -> 950400 | H23: 10800 | I23: 11 | J23: 8 | K23: 1 | L23: =H23*I23*J23*K23 -> 950400 | M23: ○ 현장 세팅 -4/21 (휴게 1시간 포함 12시간) / 10시-22시
E24: 운영요원 사전세팅 (연장근무) | F24: =SUM(L24) -> 534600 | H24: 16200 | I24: 11 | J24: 3 | K24: 1 | L24: =H24*I24*J24*K24 -> 534600
C25: 운영인건비 소계 | F25: =SUM(L25) -> 40580100 | L25: =SUM(L4:L24) -> 40580100
C26: 운영비 | D26: 세탁 | E26: 현장 베뉴 근무인력 세탁비 | F26: =SUM(L26) -> 370000 | H26: 10000 | I26: 37 | J26: 1 | K26: 1 | L26: =H26*I26*J26*K26 -> 370000 | M26: ○ 팬큐레이터 세탁비 - 운영 종료 후 / 26인: 1회 ○ 운영요원 세탁비 - 운영 종료 후 / 11인: 1회
D27: 식대 | E27: 현장 베뉴 근무 인원 식대 - 팬큐레이터 | F27: =SUM(L27) -> 780000 | H27: 10000 | I27: 26 | J27: 1 | K27: 3 | L27: =H27*I27*J27*K27 -> 780000 | M27: ○ 식비 - 현장 세팅 식비 : 04/21,24 슈퍼바이저 6인, 운영요원 11인 (1일2식) - 현장 리허설 식비 : 04/21, 팬큐레이터 26인 (1일1식) - 근무 운영 식비 : 04/22~23, 슈퍼바이저 6인, 운영요원 12인 (1일 1식) : 04/22~24, 팬큐레이터 26인 (1일1식)
E28: 현장 베뉴 근무 인원 식대 - 슈퍼바이저 | F28: =SUM(L28) -> 120000 | H28: 10000 | I28: 6 | J28: 1 | K28: 2 | L28: =H28*I28*J28*K28 -> 120000
E29: 현장 베뉴 근무 인원 식대 - 운영요원 | F29: =SUM(L29) -> 220000 | H29: 10000 | I29: 11 | J29: 1 | K29: 2 | L29: =H29*I29*J29*K29 -> 220000
E30: 현장 베뉴 근무 인원 식대 - 팬큐레이터 리허설 | F30: =SUM(L30) -> 260000 | H30: 10000 | I30: 26 | J30: 1 | K30: 1 | L30: =H30*I30*J30*K30 -> 260000
E31: 현장 베뉴 근무 인원 식대 - 슈퍼바이저 세팅/철수 | F31: =SUM(L31) -> 240000 | H31: 10000 | I31: 6 | J31: 2 | K31: 2 | L31: =H31*I31*J31*K31 -> 240000
E32: 현장 베뉴 근무 인원 식대 - 운영요원 세팅/철수 | F32: =SUM(L32) -> 440000 | H32: 10000 | I32: 11 | J32: 2 | K32: 2 | L32: =H32*I32*J32*K32 -> 440000
D33: 보험 | E33: 현장 근무자 보험료 | F33: =SUM(L33) -> 307710 | H33: 15050 | I33: 43 | J33: 1 | K33: 1 | L33: 307710 | M33: ○ 세부현황 - 총 43인 (팬큐26인, 슈바6인,운영요원11인), 4/21~4/22 총 4일, 1회
C34: 운영비 소계 | F34: =SUM(L34) -> 2737710 | L34: =SUM(L26:L33) -> 2737710
C35: 2026 WIS 삼성전자관 인건비 소계 | F35: =L35 -> 43317810 | L35: =SUM(L25,L34) -> 43317810
B36: 인력비용 기타 | C36: 유니폼 | D36: 팬큐레이터 유니폼 | E36: 팬큐레이터 유니폼 | F36: =SUM(L36) -> 176000 | H36: 5500 | I36: 32 | J36: 1 | K36: 1 | L36: =H36*I36*J36*K36 -> 176000 | M36: ○ 팬큐레이터 상의 유니폼 로고 인쇄 (창고 재고 활용) - 32벌(여벌 포함)
C37: 교통비 | D37: 이동교통비 | E37: 제품 테스트 및 물자 수령 이동 교통비 | F37: =SUM(L37) -> 70100 | H37: 70100 | I37: 1 | J37: 1 | K37: 1 | L37: =H37*I37*J37*K37 -> 70100 | M37: ○ 이동 택시비 - 26.04.03 한남동(RX) → 서교동(삼성스토어 홍대) / 갤럭시XR 테스트 및 버즈4 수령 - 26.04.09 한남동(RX) → 서교동(삼성스토어 홍대) / 갤럭시XR 및 비전 AI 컴패니언 테스트 - 26.04.15 한남동(RX) → 서초동(삼성 강남) / 미디어데이 답사 및 인계 물자 점검 - 26.04.17 한남동(RX) → 서초동(삼성 강남) / 미디어데이 인계 물자 수령 - 26.04.17 서초동(삼성 강남) → 한남동(RX) / 미디어데이 인계 물자 이동
C38: 인력비용 기타 소계 | F38: =L38 -> 246100 | L38: =SUM(L36:L37) -> 246100
B39: 2026 WIS 삼성전자관 인건비 합계 | F39: =L39 -> 43563910 | L39: =L35+L38 -> 43563910
B40: 대행수수료 | L40: =L35*0.1765+L38*0.1765 -> 7689030.1
B41: 총액 | L41: =SUM(L35,L38,L40) -> 51252940

Sheet >>인건비 산출
B3: □ 2026 WIS 시급기준 인건비 산출
B4: 구분1 | C4: 구분2 | D4: 시급 | E4: 청구 기준 금액 (수수료 제외) | F4: 총 근무시간 | G4: 4/20(월) | J4: 4/21(화) | M4: 4/22(수) | P4: 4/23(목) | S4: 4/24(금)
G5: 총 근무 | H5: 인원 | I5: 근무시간 | J5: 총 근무 | K5: 인원 | L5: 근무시간 | M5: 총 근무 | N5: 인원 | O5: 시간 | P5: 총 근무 | Q5: 인원 | R5: 시간 | S5: 총 근무 | T5: 인원 | U5: 시간
B6: 計 | E6: =SUM(E7:E11) -> 34809300 | F6: =SUM(F7:F11) -> 1046 | G6: =SUM(G7:G11) -> 22 | H6: =SUM(H7:H11) -> 2 | I6: =SUM(I7:I11) -> 11 | J6: =SUM(J7:J11) -> 150 | K6: =SUM(K7:K11) -> 32 | L6: =SUM(L7:L11) -> 21 | ... U6: =SUM(U7:U11) -> 35
B7: (단기 이벤트)팬큐레이터 | C7: 시간당 단가_서울,경기 | D7: ='[276]운영_인건비 단가표'!E12 -> 34600 | E7: =F7*D7 -> 22455400 | F7: =+J7+M7+P7+S7 -> 649 | G7: =H7*I7 -> 0 | J7: =K7*L7 -> 66 | K7: ='운영_인력 근무표'!D7 -> 22 | L7: ='운영_인력 근무표'!F8 -> 3 | M7: =N7*O7 -> 231 | N7: =COUNTA('[276]운영_인력 근무표'!F8:F29) -> 22 | O7: ='운영_인력 근무표'!G8 -> 10.5 | P7: =Q7*R7 -> 176 | Q7: =COUNTA('[276]운영_인력 근무표'!G8:G29) -> 22 | R7: ='운영_인력 근무표'!H8 -> 8 | S7: =T7*U7 -> 176 | T7: =COUNTA('[276]운영_인력 근무표'!H8:H29) -> 22 | U7: ='운영_인력 근무표'!I8 -> 8
B8: (단기 이벤트)영문 도슨트 | C8: 시간당 단가_서울,경기 | D8: ='[276]운영_인건비 단가표'!E14 -> 44500 | E8: =F8*D8 -> 2625500 | F8: =+J8+M8+P8+S8+G8 -> 59 | G8: =H8*I8 -> 0 | J8: =K8*L8 -> 6 | K8: ='운영_인력 근무표'!D35 -> 2 | L8: ='운영_인력 근무표'!F36 -> 3 | M8: =N8*O8 -> 21 | N8: =COUNTA('운영_인력 근무표'!G36:G37) -> 2 | O8: ='운영_인력 근무표'!G36 -> 10.5 | P8: =Q8*R8 -> 16 | Q8: =COUNTA('운영_인력 근무표'!H36:H37) -> 2 | R8: ='운영_인력 근무표'!H36 -> 8 | S8: =T8*U8 -> 16 | T8: =COUNTA('운영_인력 근무표'!I36:I37) -> 2 | U8: ='운영_인력 근무표'!I36 -> 8
B9: (단기 이벤트)국문 도슨트 | C9: 시간당 단가_서울,경기 | D9: ='[276]운영_인건비 단가표'!E16 -> 39600 | E9: =F9*D9 -> 2415600 | F9: =+J9+M9+P9+S9+G9 -> 61 | G9: =H9*I9 -> 0 | J9: =K9*L9 -> 6 | K9: ='운영_인력 근무표'!D31 -> 2 | L9: ='운영_인력 근무표'!F32 -> 3 | M9: =N9*O9 -> 21 | N9: =COUNTA('운영_인력 근무표'!G32:G33) -> 2 | O9: ='운영_인력 근무표'!G32 -> 10.5 | P9: =Q9*R9 -> 17 | Q9: =COUNTA('운영_인력 근무표'!H32:H33) -> 2 | R9: ='운영_인력 근무표'!H32 -> 8.5 | S9: =T9*U9 -> 17 | T9: =COUNTA('운영_인력 근무표'!I32:I33) -> 2 | U9: ='운영_인력 근무표'!I32 -> 8.5
B10: (단기 이벤트)슈퍼바이저 | C10: 시간당 단가_서울,경기 | D10: ='[276]운영_인건비 단가표'!E21 -> 26400 | E10: =F10*D10 -> 7312800 | F10: =+J10+M10+P10+S10+G10 -> 277 | G10: =H10*I10 -> 22 | H10: =COUNTA('운영_인력 근무표'!E40:E41) -> 2 | I10: ='운영_인력 근무표'!E40 -> 11 | J10: =K10*L10 -> 72 | K10: ='운영_인력 근무표'!D39 -> 6 | L10: ='운영_인력 근무표'!F40 -> 12 | M10: =N10*O10 -> 66 | N10: =COUNTA('운영_인력 근무표'!G40:G45) -> 6 | O10: ='운영_인력 근무표'!G40 -> 11 | P10: =Q10*R10 -> 54 | Q10: =COUNTA('운영_인력 근무표'!H40:H45) -> 6 | R10: ='운영_인력 근무표'!H40 -> 9 | S10: =T10*U10 -> 63 | T10: =COUNTA('운영_인력 근무표'!I40:I45) -> 6 | U10: ='운영_인력 근무표'!I40 -> 10.5
B11: 운영요원
C12: 단가_서울, 지방 동일 (평일 기본 단가) | D12: ='운영_인건비 단가표'!E23 -> 10800 | E12: =F12*D12 -> 3801600 | F12: =+J12+M12+P12+S12+G12 -> 352 | G12: =H12*I12 -> 0 | J12: =K12*L12 -> 88 | K12: ='운영_인력 근무표'!D47 -> 11 | L12: ='운영_인력 근무표'!M47 -> 8 | M12: =N12*O12 -> 88 | N12: =COUNTA('운영_인력 근무표'!G48:G58) -> 11 | O12: ='운영_인력 근무표'!M49 -> 8 | P12: =Q12*R12 -> 88 | Q12: =COUNTA('운영_인력 근무표'!H48:H58) -> 11 | R12: ='운영_인력 근무표'!H58 -> 8 | S12: =T12*U12 -> 88 | T12: =COUNTA('운영_인력 근무표'!I48:I58) -> 11 | U12: ='운영_인력 근무표'!M51 -> 8
C13: 단가_서울, 지방 동일 (평일 추가 근무) | D13: ='운영_인건비 단가표'!E24 -> 16200 | E13: =F13*D13 -> 1069200 | F13: =+J13+M13+P13+S13+G13 -> 66 | G13: =H13*I13 -> 0 | J13: =K13*L13 -> 33 | K13: ='운영_인력 근무표'!D47 -> 11 | L13: ='운영_인력 근무표'!N47 -> 3 | M13: =N13*O13 -> 22 | N13: =COUNTA('운영_인력 근무표'!G48:G58) -> 11 | O13: ='운영_인력 근무표'!N49 -> 2 | P13: =Q13*R13 -> 0 | Q13: =COUNTA('운영_인력 근무표'!H48:H58) -> 11 | S13: =T13*U13 -> 11 | T13: =COUNTA('운영_인력 근무표'!I48:I58) -> 11 | U13: ='운영_인력 근무표'!N51 -> 1

Sheet 운영_인력 근무표
B2: □ 매장별 근무표
E3: 46132 | F3: 46133 | G3: 46134 | H3: 46135 | I3: 46136 | K3: 총 운영 일수 | L3: =COUNT(G3:I3) -> 3
E4: 월 | F4: 화 | G4: 수 | H4: 목 | I4: 금 | K4: 리허설 일수 | L4: =COUNT(F3) -> 1
B5: 合 計 | E5: =+E6+E38+E46+E30+E34 -> 22 | F5: =+F6+F38+F46+F30+F34 -> 172 | G5: =+G6+G38+G46+G30+G34 -> 449 | H5: =+H6+H38+H46+H30+H34 -> 351 | I5: =+I6+I38+I46+I30+I34 -> 371
B6: 팬큐레이터 | E6: =+E7 -> 0 | F6: =+F7 -> 66 | G6: =+G7 -> 231 | H6: =+H7 -> 176 | I6: =+I7 -> 176
C7: 計 | D7: =COUNTA(D8:D29) -> 22 | E7: =SUM(E8:E29) -> 0 | F7: =SUM(F8:F29) -> 66 | G7: =SUM(G8:G29) -> 231 | H7: =SUM(H8:H29) -> 176 | I7: =SUM(I8:I29) -> 176
D8: A | F8: 3 | G8: 10.5 | H8: 8 | I8: 8
D9: B | F9: 3 | G9: 10.5 | H9: 8 | I9: 8
D10: C | F10: 3 | G10: 10.5 | H10: 8 | I10: 8
D11: D | F11: 3 | G11: 10.5 | H11: 8 | I11: 8
D12: E | F12: 3 | G12: 10.5 | H12: 8 | I12: 8
D13: F | F13: 3 | G13: 10.5 | H13: 8 | I13: 8
D14: G | F14: 3 | G14: 10.5 | H14: 8 | I14: 8
D15: H | F15: 3 | G15: 10.5 | H15: 8 | I15: 8
D16: I | F16: 3 | G16: 10.5 | H16: 8 | I16: 8
D17: J | F17: 3 | G17: 10.5 | H17: 8 | I17: 8
D18: K | F18: 3 | G18: 10.5 | H18: 8 | I18: 8
D19: L | F19: 3 | G19: 10.5 | H19: 8 | I19: 8
... D29: V | F29: 3 | G29: 10.5 | H29: 8 | I29: 8
B30: 국문 도슨트 | E30: =+E31 -> 0 | F30: =+F31 -> 6 | G30: =+G31 -> 21 | H30: =+H31 -> 17 | I30: =+I31 -> 17
C31: 計 | D31: =COUNTA(D32:D33) -> 2 | E31: =SUM(E32:E33) -> 0 | F31: =SUM(F32:F33) -> 6 | G31: =SUM(G32:G33) -> 21 | H31: =SUM(H32:H33) -> 17 | I31: =SUM(I32:I33) -> 17
D32: A | F32: 3 | G32: 10.5 | H32: 8.5 | I32: 8.5
D33: B | F33: 3 | G33: 10.5 | H33: 8.5 | I33: 8.5
B34: 영문 도슨트 | E34: =+E35 -> 0 | F34: =+F35 -> 6 | G34: =+G35 -> 21 | H34: =+H35 -> 16 | I34: =+I35 -> 16
C35: 計 | D35: =COUNTA(D36:D37) -> 2 | E35: =SUM(E36:E37) -> 0 | F35: =SUM(F36:F37) -> 6 | G35: =SUM(G36:G37) -> 21 | H35: =SUM(H36:H37) -> 16 | I35: =SUM(I36:I37) -> 16
D36: A | F36: 3 | G36: 10.5 | H36: 8 | I36: 8
D37: B | F37: 3 | G37: 10.5 | H37: 8 | I37: 8
B38: 슈퍼바이저 | E38: =+E39 -> 22 | F38: =+F39 -> 72 | G38: =+G39 -> 66 | H38: =+H39 -> 54 | I38: =+I39 -> 63
C39: 計 | D39: =COUNTA(D40:D45) -> 6 | E39: =SUM(E40:E45) -> 22 | F39: =SUM(F40:F45) -> 72 | G39: =SUM(G40:G45) -> 66 | H39: =SUM(H40:H45) -> 54 | I39: =SUM(I40:I45) -> 63
D40: A | E40: 11 | F40: 12 | G40: 11 | H40: 9 | I40: 10.5
D41: B | E41: 11 | F41: 12 | G41: 11 | H41: 9 | I41: 10.5
D42: C | F42: 12 | G42: 11 | H42: 9 | I42: 10.5
D43: D | F43: 12 | G43: 11 | H43: 9 | I43: 10.5
D44: E | F44: 12 | G44: 11 | H44: 9 | I44: 10.5
D45: F | F45: 12 | G45: 11 | H45: 9 | I45: 10.5
B46: 운영요원 | E46: =+E47 -> 0 | F46: =+F47 -> 22 | G46: =+G47 -> 110 | H46: =+H47 -> 88 | I46: =+I47 -> 99 | K46: 4/21 운영요원 인당 근무시간 | M46: 기본근무 | N46: 초과근무 | O46: 計
C47: 計 | D47: =COUNTA(D48:D58) -> 11 | E47: =SUM(E57:E58) -> 0 | F47: =SUM(F57:F58) -> 22 | G47: =SUM(G48:G58) -> 110 | H47: =SUM(H48:H58) -> 88 | I47: =SUM(I48:I58) -> 99 | M47: 8 | N47: 3 | O47: =SUM(M47:N47) -> 11
D48: A | F48: 11 | G48: 10 | H48: 8 | I48: 9 | K48: 4/22 운영요원 인당 근무시간 | M48: 기본근무 | N48: 초과근무 | O48: 計
D49: B | F49: 11 | G49: 10 | H49: 8 | I49: 9 | M49: 8 | N49: 2 | O49: 10
D50: C | F50: 11 | G50: 10 | H50: 8 | I50: 9 | K50: 4/24 운영요원 인당 근무시간 | M50: 기본근무 | N50: 초과근무 | O50: 計
D51: D | F51: 11 | G51: 10 | H51: 8 | I51: 9 | M51: 8 | N51: 1 | O51: =SUM(M51:N51) -> 9
D52: E | F52: 11 | G52: 10 | H52: 8 | I52: 9
D53: F | F53: 11 | G53: 10 | H53: 8 | I53: 9
D54: G | F54: 11 | G54: 10 | H54: 8 | I54: 9
D55: H | F55: 11 | G55: 10 | H55: 8 | I55: 9
D56: I | F56: 11 | G56: 10 | H56: 8 | I56: 9
D57: J | F57: 11 | G57: 10 | H57: 8 | I57: 9
D58: K | F58: 11 | G58: 10 | H58: 8 | I58: 9

Sheet 운영_인건비 단가표
A1: 2026 갤럭시 스튜디오 제일기획 인건비 단가표
A3: 항목 | C3: 구분 | D3: 비고 | E3: '26년 시급 | F3: 제일기획 대행료 적용 단가 | G3: 비고
A4: 인건비 | B4: 우수 팬큐레이터 | C4: 시간당 단가_서울,경기 | D4: ○ 서울/경기 : 서울 전지역, 인천, 경기도 서울(종로 기준)에서 50km이상인 경우 지방페이 검토 | E4: 28000 | F4: =E4*1.1765 -> 32942 | G4: 전년비 동일
C5: 시간당 단가_지방 (15% 추가) | D5: ○ 지방 : 서울/인천/경기를 제외한 전 지역 | E5: =E4*1.15 -> 32200 | F5: =E5*1.1765 -> 37883.3 | G5: 전년비 동일
B6: 경력 팬큐레이터 (최근 2시즌 이상 참여) | C6: 시간당 단가_서울,경기 | D6: ○ 서울/경기 : 서울 전지역, 인천, 경기도 서울(종로 기준)에서 50km이상인 경우 지방페이 검토 | E6: 25000 | F6: =E6*1.1765 -> 29412.5 | G6: 전년비 동일
C7: 시간당 단가_지방 (15% 추가) | D7: ○ 지방 : 서울/인천/경기를 제외한 전 지역 | E7: =E6*1.15 -> 28750 | F7: =E7*1.1765 -> 33824.375 | G7: 전년비 동일
B8: 신규 팬큐레이터 | C8: 시간당 단가_서울,경기 | D8: ○ 서울/경기 : 서울 전지역, 인천, 경기도 서울(종로 기준)에서 50km이상인 경우 지방페이 검토 | E8: 22000 | F8: =E8*1.1765 -> 25883 | G8: 전년비 동일
C9: 시간당 단가_지방 (15% 추가) | D9: ○ 지방 : 서울/인천/경기를 제외한 전 지역 | E9: =E8*1.15 -> 25300 | F9: =E9*1.1765 -> 29765.45 | G9: 전년비 동일
B10: 외국인 팬큐레이터 : 외국어 응대를 위한 근무인력 (영어 및 스페인어, 불어 등 제2외국어) | C10: 시간당 단가_서울,경기 | D10: ○ 서울/경기 : 서울 전지역, 인천, 경기도 서울(종로 기준)에서 50km이상인 경우 지방페이 검토 | E10: 34000 | F10: =E10*1.1765 -> 40001 | G10: 전년비 동일
C11: 시간당 단가_지방 (15% 추가) | D11: ○ 지방 : 서울/인천/경기를 제외한 전 지역 | E11: =E10*1.15 -> 39100 | F11: =E11*1.1765 -> 46001.15 | G11: 전년비 동일
B12: (단기 이벤트)팬큐레이터 | C12: 시간 단가_서울,경기 | D12: ○ 서울/경기 : 서울 전지역, 인천, 경기도 서울(종로 기준)에서 50km이상인 경우 지방페이 검토 | E12: =ROUNDDOWN(('[277]25년_단가표'!E12+'[277]25년_단가표'!E13*2)/8*1.1,-2) -> 34600 | F12: =E12*1.1765 -> 40706.9 | G12: □ 단기이벤트 정의: 행사기간 기준, 4일 이하의 행사 기준이 모호한 특수한 행사의 경우 별도 협의 가능
C13: 시간 단가_지방 (15% 추가) | D13: ○ 지방 : 서울/인천/경기를 제외한 전 지역 | E13: =ROUNDDOWN(E12*1.15,-2) -> 39700 | F13: =E13*1.1765 -> 46707.05
B14: (단기 이벤트)영문 도슨트 | C14: 시간 단가_서울,경기 | D14: ○ 서울/경기 : 서울 전지역, 인천, 경기도 서울(종로 기준)에서 50km이상인 경우 지방페이 검토 | E14: =ROUNDDOWN(('[277]25년_단가표'!E16+'[277]25년_단가표'!E17*2)/8*1.1,-2) -> 44500 | F14: =E14*1.1765 -> 52354.25
C15: 시간 단가_지방 (15% 추가) | D15: ○ 지방 : 서울/인천/경기를 제외한 전 지역 | E15: =ROUNDDOWN(E14*1.15,-2) -> 51100 | F15: =E15*1.1765 -> 60119.15
B16: (단기 이벤트)국문 도슨트 | C16: 시간 단가_서울,경기 | D16: ○ 서울/경기 : 서울 전지역, 인천, 경기도 서울(종로 기준)에서 50km이상인 경우 지방페이 검토 | E16: =ROUNDDOWN(('[277]25년_단가표'!E20+'[277]25년_단가표'!E21*2)/8*1.1,-2) -> 39600 | F16: =E16*1.1765 -> 46589.4
C17: 시간 단가_지방 (15% 추가) | D17: ○ 지방 : 서울/인천/경기를 제외한 전 지역 | E17: =ROUNDDOWN(E16*1.15,-2) -> 45500 | F17: =E17*1.1765 -> 53530.75
B18: 슈퍼바이저 | C18: 시간당 단가_서울,경기 | D18: ○ 서울/경기 : 서울 전지역, 인천, 경기도 서울(종로 기준)에서 50km이상인 경우 지방페이 검토 | E18: 20000 | F18: =E18*1.1765 -> 23530 | G18: 전년비 동일
C19: 시간당 단가_지방 (15% 추가) | D19: ○ 지방 : 서울/인천/경기를 제외한 전 지역 | E19: =E18*1.15 -> 23000 | F19: =E19*1.1765 -> 27059.5 | G19: 전년비 동일
C20: 세팅 수당 | D20: ○ 세팅수당 : 행사 세팅 최종일 1회 지급 (서울지방 동일) | E20: 100000 | F20: =E20*1.1765 -> 117650
B21: (단기 이벤트)슈퍼바이저 | C21: 시간 단가_서울,경기 | D21: ○ 서울/경기 : 서울 전지역, 인천, 경기도 서울(종로 기준)에서 50km이상인 경우 지방페이 검토 | E21: =('[277]25년_단가표'!E27+'[277]25년_단가표'!E28*2)/8*1.1 -> 26400 | F21: =E21*1.1765 -> 31059.6
C22: 시간 단가_지방 (15% 추가) | D22: ○ 지방 : 서울/인천/경기를 제외한 전 지역 | E22: =ROUNDDOWN(E21*1.15,-2) -> 30300 | F22: =E22*1.1765 -> 35647.95
B23: 운영요원 | C23: 단가_서울, 지방 동일 (평일 기본 단가) | D23: ○ (평일) 1일 8시간 이하 근무 시간당 단가 | E23: 10800 | F23: =E23*1.1765 -> 12706.2 | G23: □ 2026 최저시급: 10,320원 (25년 10,030원, 상승률 적용)
C24: 단가_서울, 지방 동일 (평일 추가 근무) | D24: ○ (평일) 1일 8시간 초과 근무 시간당 단가 | E24: =E23*1.5 -> 16200 | F24: =E24*1.1765 -> 19059.3
C25: 단가_서울, 지방 동일 (주말 기본 단가) | D25: ○ (주말) 1일 8시간 이하 근무 시간당 단가 | E25: =E24 -> 16200 | F25: =E25*1.1765 -> 19059.3
C26: 단가_서울, 지방 동일 (주말 추가 근무) | D26: ○ (주말) 1일 8시간 초과 근무 시간당 단가 | E26: =E23*2 -> 21600 | F26: =E26*1.1765 -> 25412.4 | H26: =290/10030 -> 0.02891326
C27: 단가_서울, 지방 동일 (심야근무) | D27: ○ (평일) 22시 ~ 06시 근무 시 | E27: =E26 -> 21600 | F27: =E27*1.1765 -> 25412.4
C28: 단가_서울, 지방 동일 (심야근무) | D28: ○ (주말) 22시 ~ 06시 근무 시 | E28: =E23*2.5 -> 27000 | F28: =E28*1.1765 -> 31765.5
C29: 주휴 수당(주중 8시간기준) | D29: ○ 주 40시간 이상 근무자 대상 주 1회 지급 | E29: =((10800*5+16350*2)) -> 86700 | F29: =E29*1.1765 -> 102002.55
B30: 전 인력(경호 요원 제외) | C30: 야외 근무수당 | D30: ○ 1일 1회 지급 | E30: 30000 | F30: =E30*1.1765 -> 35295
B31: 주간 경호 요원 | C31: 단가 (12시간 기준)_서울, 지방 동일 | D31: ○ 서울, 지방 동일 단가 적용 | E31: 180000 | F31: =E31*1.1765 -> 211770
C32: 추가 근무 보상 | D32: ○ 주간근무자1시간 연장 당 단가의 10% 지급 | E32: =E31*10% -> 18000 | F32: =E32*1.1765 -> 21177
B33: 야간 경호 요원 | C33: 단가 (12시간 기준)_서울, 지방 동일 | D33: ○ 서울, 지방 동일 단가 적용 | E33: 250000 | F33: =E33*1.1765 -> 294125
C34: 추가 근무 보상 | D34: ○ 야간근무자 1시간 연장 당 단가의 10% 지급 | E34: =E33*10% -> 25000 | F34: =E34*1.1765 -> 29412.5
A35: 팬큐레이터 모델촬영 | B35: PR컷 촬영 | C35: 단가(1회당 기준) | D35: ○ 1회차 초상권 활용비용 | E35: 150000 | F35: =E35*1.1765 -> 176475
A36: 부대비용 | B36: 세탁비 | C36: 1회 단가 (2일 1회) | D36: ○ 상의/하의/티셔츠 경우 | E36: 14000 | F36: =E36*1.1765 -> 16471
C37: 1회 단가 (2일 1회) | D37: ○ 상의/티셔츠 경우 | E37: 10000 | F37: =E37*1.1765 -> 11765
A38: 진행비성 경비 | B38: 식대비 | C38: 1식단가 | D38: ○ 서울/지방 동일 1일 2식 | E38: 10000 | F38: =E38*1.1765 -> 11765
B39: 숙박비 | C39: 1박 단가 | D39: ○ 2인 1실 제공/ 지방 베뉴 근무 시 제공 기준 단, 수도권 베뉴 중 서울(종로 기준)에서 50km이상인 경우 or 편도 이동 시간이 2시간 이상인 경우 or 이용 가능한 대중교통이 없을 경우 숙박 제공 검토 | E39: 80000 | F39: =E39*1.1765 -> 94120
B40: 이동 교통비 | C40: 이동 교통비 | D40: ○ 지방베뉴 이동 시 제공 : KTX 비용, 택시비용 | E40: 실비 적용 | F40: 17.65% 적용 | G40: 발생시 사전 협의 必 실비 청구시 영수증 반드시 첨부 필요
B41: 심야 교통비 | C41: 심야 교통비 | D41: ○ 오후 11시 이후 근무 종료 시, 거주지까지 제공 : 택시 비용 * 추후 증빙 첨부 필요 | E41: 실비 적용 | F41: 17.65% 적용
B42: 운영사 현장출장비 | C42: 운영사 현장출장비 | D42: ○ 지방베뉴 운영에 따른 현장출장비 : 교통비, 출장비, 숙박비 실비 청구 * 숙박비와 지방이동 교통비는 팬큐레이터 등 현장근무인력과 동일기준 | E42: 실비 적용 | F42: 17.65% 적용
A43: 보험 | B43: 근무자 보험 가입 | C43: 단가 (1회당 기준) | D43: ○ 실제 발생한 보험비 청구 * 추후 증빙 첨부 필요 | E43: 실비 적용 | F43: 5% 적용

Sheet 3-3. 운영_컨텐츠
B2: 거래명세서 (콘텐츠_스크립트)
D3: 공급받는자 | F3: [ 전시 / 리테일 ] | H3: 공급자
B4: CLIENT | D4: ㈜제일기획 | F4: 아래와 같이 견적 합니다. [산출물 : 제작결과물] | H4: 회사명 | I4: 원리테일익스페리언스코리아리미티드(영업소)
B5: JOB | D5: 2026 삼성전자 World IT Show 운영 | H5: 대표이사 | I5: 김동진
B6: Job No. | D6: K2S26915001 | H6: 사업자등록번호 | I6: 839-84-00015
B7: 거래가격 | D7: =H15 -> 4500000 | E7: (VAT별도) | H7: 사업장주소 | I7: 서울시 강남구 학동로 105, 3층(논현동, 제이빌딩)
B8: 담당자/연락처 | D8: 허진영 프로 | H8: 담당자/연락처 | I8: 문정기 프로
B11: 부문 | C11: 항목 | D11: 세부내역 | E11: 소항목 | F11: 단위 | G11: 수량 | H11: 금액 | I11: 비고
B12: 2. 컨텐츠 | C12: 스크립트 | D12: 국문 스크립트 | E12: 고객 체험 스크립트 및 도슨트 스크립트 작성 | F12: ea | G12: 7 | H12: =500000*7 -> 3500000 | I12: ○ 국문 스크립트 작성 작업 - 총 6종 (Micro RGB / 크로스 플랫폼 / 갤럭시XR / 버즈 청음&꾸미기 / 더프리스타일 / Vision AI) - 5분/10분 VIP 도슨트 스크립트
D13: 영문 스크립트 | E13: 도슨트 스크립트 영문 번역 작업 | F13: ea | G13: 2 | H13: 1000000 | I13: ○ 영문 스크립트 번역 작업 - 5분/10분 VIP 도슨트 버전 번역
C14: 콘텐츠_스크립트 소계 | H14: =SUM(H12:H13) -> 4500000
B15: 총 계 | H15: =SUM(H14:H14) -> 4500000
A16: ※ 당사는 본 견적서에 당사의 원가 또는 원가를 추정할 수 있는 정보를 기입하지 않았으며, 이 밖에 당사의 원가 또는 원가를 추정할 수 있는 자료를 제일기획에 제출하지 않았음을 확인합니다.

Sheet 3-4. 운영_시스템
B2: 거래명세서 (시스템)
D3: 공급받는자 | F3: [ 전시 / 리테일 ] | H3: 공급자
B4: CLIENT | D4: ㈜제일기획 | F4: 아래와 같이 견적 합니다. [산출물 : 제작결과물] | H4: 회사명 | I4: 원리테일익스페리언스코리아리미티드(영업소)
B5: JOB | D5: 2026 삼성전자 World IT Show 운영 | H5: 대표이사 | I5: 김동진
B6: Job No. | D6: K2S26915001 | H6: 사업자등록번호 | I6: 839-84-00015
B7: 거래가격 | D7: =H16 -> 3222283 | E7: (VAT별도) | H7: 사업장주소 | I7: 서울시 강남구 학동로 105, 3층(논현동, 제이빌딩)
B8: 담당자/연락처 | D8: 허진영 프로 | H8: 담당자/연락처 | I8: 문정기 프로
B11: 부문 | C11: 항목 | D11: 세부내역 | E11: 소항목 | F11: 단위 | G11: 수량 | H11: 금액 | I11: 비고
B12: 3. 시스템 | C12: 나우웨이팅 | D12: 나우웨이팅 시스템 이용료 | F12: 식 | G12: 1 | H12: 350000 | I12: ○ 갤럭시XR 예약용 나우웨이팅 시스템 임대료(4일) 및 시스템 계쩡 연결 등 일체 비용 - 4/21~4/24 / 4일
D13: 나우웨이팅 대기 고객 메시지 전송 비용 | F13: 식 | G13: 1 | H13: 12283 | I13: ○ 알림 메시지 전송 - 카카오톡 메시지 전송 / 총 1,219건 / 건당 9.9원 - SMS 메시지 전송 / 13건 / 건당 16.5원
C14: 도슨트 음향 | D14: 도슨트 음향 (이동식 스피커) | F14: 식 | G14: 1 | H14: 2860000 | I14: ○ 도슨트 음향 - KANALS 포터블 스피커 2대 / 4일 - 휴대용 기가폰 2대 / 4일 ○ 운송비 - 왕복 물류비 2회
C15: 시스템 소계 | H15: =SUM(H12:H14) -> 3222283
B16: 총 계 | H16: =SUM(H15:H15) -> 3222283
A17: ※ 당사는 본 견적서에 당사의 원가 또는 원가를 추정할 수 있는 정보를 기입하지 않았으며, 이 밖에 당사의 원가 또는 원가를 추정할 수 있는 자료를 제일기획에 제출하지 않았음을 확인합니다.

Sheet 3-5. 운영_제작물
B2: 거래명세서 (제작물)
D3: 공급받는자 | F3: [ 전시 / 리테일 ] | H3: 공급자
B4: CLIENT | D4: ㈜제일기획 | F4: 아래와 같이 견적 합니다. [산출물 : 제작결과물] | H4: 회사명 | I4: 원리테일익스페리언스코리아리미티드(영업소)
B5: JOB | D5: 2026 삼성전자 World IT Show 운영 | H5: 대표이사 | I5: 김동진
B6: Job No. | D6: K2S26915001 | H6: 사업자등록번호 | I6: 839-84-00015
B7: 거래가격 | D7: =H16 -> 716200 | E7: (VAT별도) | H7: 사업장주소 | I7: 서울시 강남구 학동로 105, 3층(논현동, 제이빌딩)
B8: 담당자/연락처 | D8: 허진영 프로 | H8: 담당자/연락처 | I8: 문정기 프로
B11: 부문 | C11: 항목 | D11: 세부내역 | E11: 소항목 | F11: 단위 | G11: 수량 | H11: 금액 | I11: 비고
B12: 4. 제작물 | C12: 유니폼 | D12: 팬큐레이터 유니폼 | E12: 로고 인쇄 | F12: ea | G12: 32 | H12: 176000 | I12: ○ 팬큐레이터 상의 유니폼 - 32벌
D13: 스텝 유니폼 | F13: ea | G13: 3 | H13: =42900*3 -> 128700 | I13: ○ 스텝 상의 유니폼 - 3벌
C14: POP | D14: POP 출력 | E14: A3 / 포맥스 2T | F14: ea | G14: 5 | H14: 411500 | I14: ○ 고객 체험 안내 POP : 초상권 안내 2ea : 운영준비중 2ea : AI Live Show 시간표 1ea
C15: 제작물 소계 | H15: =SUM(H12:H14) -> 716200
B16: 총 계 | H16: =SUM(H15:H15) -> 716200
A17: ※ 당사는 본 견적서에 당사의 원가 또는 원가를 추정할 수 있는 정보를 기입하지 않았으며, 이 밖에 당사의 원가 또는 원가를 추정할 수 있는 자료를 제일기획에 제출하지 않았음을 확인합니다.

Sheet 3-6. 운영_네트워크
B2: 거래명세서 (네트워크)
D3: 공급받는자 | F3: [ 전시 / 리테일 ] | H3: 공급자
B4: CLIENT | D4: ㈜제일기획 | F4: 아래와 같이 견적 합니다. [산출물 : 제작결과물] | H4: 회사명 | I4: 원리테일익스페리언스코리아리미티드(영업소)
B5: JOB | D5: 2026 삼성전자 World IT Show 운영 | H5: 대표이사 | I5: 김동진
B6: Job No. | D6: K2S26915001 | H6: 사업자등록번호 | I6: 839-84-00015
B7: 거래가격 | D7: =H14 -> 5650000 | E7: (VAT별도) | H7: 사업장주소 | I7: 서울시 강남구 학동로 105, 3층(논현동, 제이빌딩)
B8: 담당자/연락처 | D8: 허진영 프로 | H8: 담당자/연락처 | I8: 문정기 프로
B11: 부문 | C11: 항목 | D11: 세부내역 | E11: 소항목 | F11: 단위 | G11: 수량 | H11: 금액 | I11: 비고
B12: 5. 네트워크 | C12: 네트워크 | D12: 유/무선 네트워크 설치 및 운영 | F12: 식 | G12: 1 | H12: 5650000 | I12: ○ 총 2회선 (유/무선 2개) ○ 04월 19일 / 11:00~14:00(3시간) / SKT기사 1인, 메인 1인, 서브 1인 ○ 04월 21일 / 24:00~08:00(8시간) / 메인 1인. 서브 1인, - EPS실 UTP연결 작업 및 회선 OPEN 테스팅 작업 건물 내부 노후화 확인 및 설계 내부 인터넷 선 확인 작업, 회선 포설 위치 계획 작업 내부 벽체 판넬 및 외부 선 진입로 파악, 전시사 협의 후 작업 - 야간 행사장 부스 각 포인트 UTP 포설 및 매립 작업(내부 철야 작업) UTP 회선 설계 진행 (UTP 작업 : 유선 인테넷을 공유기를 사용 할 수 있도록 무선 회선량 및 회선 분리 작업) - 행사장 부스 포인트에 공유기 간선 및 설치 , UTP 연결 셋팅(내부/외부 철야 작업) - UTP 무선 인터넷 연결 작업 및 효율성 셋팅 셋팅 후 컨트롤에 따라 회선 사용량 한도 조절 및 회선 분배 작업 ○ 04월 21일 / 14:00~20:00(6시간) / 메인 1인, 서브 1인 - 인터넷 연결 테스팅 및 감리 ○ 장비 및 자재 - 무선 AP(CN XE5-8) 2set, UTP 케이블 300M, RJ 45 Jack
C13: 네트워크 소계 | H13: =SUM(H12:H12) -> 5650000
B14: 총 계 | H14: =SUM(H13:H13) -> 5650000
A15: ※ 당사는 본 견적서에 당사의 원가 또는 원가를 추정할 수 있는 정보를 기입하지 않았으며, 이 밖에 당사의 원가 또는 원가를 추정할 수 있는 자료를 제일기획에 제출하지 않았음을 확인합니다.

Sheet 3-7. 운영_렌탈
B2: 거래명세서 (렌탈)
D3: 공급받는자 | F3: [ 전시 / 리테일 ] | H3: 공급자
B4: CLIENT | D4: ㈜제일기획 | F4: 아래와 같이 견적 합니다. [산출물 : 제작결과물] | H4: 회사명 | I4: 원리테일익스페리언스코리아리미티드(영업소)
B5: JOB | D5: 2026 삼성전자 World IT Show 운영 | H5: 대표이사 | I5: 김동진
B6: Job No. | D6: K2S26915001 | H6: 사업자등록번호 | I6: 839-84-00015
B7: 거래가격 | D7: =H14 -> 8250000 | E7: (VAT별도) | H7: 사업장주소 | I7: 서울시 강남구 학동로 105, 3층(논현동, 제이빌딩)
B8: 담당자/연락처 | D8: 허진영 프로 | H8: 담당자/연락처 | I8: 문정기 프로
B11: 부문 | C11: 항목 | D11: 세부내역 | E11: 소항목 | F11: 단위 | G11: 수량 | H11: 금액 | I11: 비고
B12: 6. 렌탈 | C12: 렌탈 | D12: 휴게 공간 및 운영사무국 물품 렌탈 | F12: 식 | G12: 1 | H12: 8250000 | I12: ○ 휴게공간 및 운영사무국 공간조성 물품 렌탈 - 파티션, 테이블, 의자, 무전기, 냉온수기, 복합기, 쓰레기통 등
C13: 렌탈 소계 | H13: =SUM(H12:H12) -> 8250000
B14: 총 계 | H14: =SUM(H13:H13) -> 8250000
A15: ※ 당사는 본 견적서에 당사의 원가 또는 원가를 추정할 수 있는 정보를 기입하지 않았으며, 이 밖에 당사의 원가 또는 원가를 추정할 수 있는 자료를 제일기획에 제출하지 않았음을 확인합니다.

Sheet 3-8. 운영_구매&운송
B2: 거래명세서 (구매/운송)
D3: 공급받는자 | F3: [ 전시 / 리테일 ] | H3: 공급자
B4: CLIENT | D4: ㈜제일기획 | F4: 아래와 같이 견적 합니다. [산출물 : 제작결과물] | H4: 회사명 | I4: 원리테일익스페리언스코리아리미티드(영업소)
B5: JOB | D5: 2026 삼성전자 World IT Show 운영 | H5: 대표이사 | I5: 김동진
B6: Job No. | D6: K2S26915001 | H6: 사업자등록번호 | I6: 839-84-00015
B7: 거래가격 | D7: =H19 -> 1907750 | E7: (VAT별도) | H7: 사업장주소 | I7: 서울시 강남구 학동로 105, 3층(논현동, 제이빌딩)
B8: 담당자/연락처 | D8: 허진영 프로 | H8: 담당자/연락처 | I8: 문정기 프로
B11: 부문 | C11: 항목 | D11: 세부내역 | E11: 소항목 | F11: 단위 | G11: 수량 | H11: 금액 | I11: 비고
B12: 7. 구매/운송 | C12: 운영 물품 | D12: 운영 물품 구입비 | F12: 식 | G12: 1 | H12: 288000 | I12: ○ 운영 소모품 구입 - 04.22~04.24 / 3일 사용 물품 구매 - 제품닦이 융, 가그린 750ml, 스트랩실, 섬유탈취제, 테이프클리너, 물티슈, 마른걸레, 먼지 제거제 스프레이, 3M 양면테이프, 박스테이프, 모서리캡, 비상약, 계수기 등
D13: 노트북 보호캡 구매 | F13: 식 | G13: 1 | H13: 11990 | I13: ○ 노트북 보호캡 - USB 포트 봉인용 보호캡 구매
D14: 크로스플랫폼 컨트롤러 구매 | F14: 개 | G14: 1 | H14: 65670 | I14: ○ 크로스플랫폼용 컨트롤러 - 엑스박스 컨트롤러 1ea 구매
D15: 버즈 커스텀 용품 (핀셋&보관함) | F15: 식 | G15: 1 | H15: 81990 | I15: ○ 버즈 커스텀 체험용 아크릴 및 스티커 배치 트레이 & 핀셋 구매
D16: 버즈 꾸미기 체험용 스티커 | F16: ea | G16: 1 | H16: 870100 | I16: ○ 버즈 커스텀 체험용 꾸미기 스티커 구매 비용 : 이니셜 스티커 250ea : 꾸미기 스티커 150ea ; 테이프 스티커 9ea : 3D 에폭시 스티커 50ea : 미니 데코 스티커 150ea
C17: 운송 및 물류비 | D17: 제품 및 물자 운송비 | F17: 건 | G17: 5 | H17: 590000 | I17: ○ 운영물자 운송 - 26.04.07 서교동(삼성스토어 홍대) → 한남동(RX) / 오토바이 퀵 [배틀그라운드 테스트용 네트워크 장비 수령] - 26.04.10 서교동(삼성스토어 홍대) → 한남동(RX) / 오토바이 퀵 [AI 라이브쇼 슈퍼스테디용 강아지 인형 수령] - 26.04.14 신당동(자이다) → 한남동(RX) / 오토바이 퀵 [유니폼 샘플 수령] - 26.04.21 양평동(더탑컴) → 삼성동(코엑스) / 다마스 퀵 [세팅 물자 이동] - 26.04.21 한남동(RX) → 삼성동(코엑스) / 다마스 퀵 [테스트 제품 이관 (갤럭시 XR, 버즈4 등)] - 26.04.21 한남동(RX) → 삼성동(코엑스) / 오토바이 퀵 [버즈4 2ea 이관] - 26.04.23 서교동(삼성스토어 홍대) → 삼성동(코엑스) / 다마스 퀵 [갤럭시XR 페이스커버 이관] - 26.04.24 삼성동(코엑스) → 경기 광명(톤웨이브) / 다마스 퀵 [이동식 스피커 반납] - 26.04.24 삼성동(코엑스) → 역삼동(지엠컴) / 1톤 화물 [제품 반납 및 갤럭시XR 페이스커버 이관] - 26.04.24 삼성동(코엑스) → 양평동(더탑컴) / 다마스 퀵 [철수 물자 이관] - 26.04.27 양평동(더탑컴) → 한남동(제일기획) / 오토바이 퀵 [테스트용 갤럭시XR 반납] - 26.04.27 양평동(더탑컴) → 삼성동(이든앤앨리스) / 오토바이 퀵 [AI 라이브쇼 슈퍼스테디용 강아지 인형 반납]
C18: 물류/운송 소계 | H18: =SUM(H12:H17) -> 1907750
B19: 총 계 | H19: =SUM(H18:H18) -> 1907750
A20: ※ 당사는 본 견적서에 당사의 원가 또는 원가를 추정할 수 있는 정보를 기입하지 않았으며, 이 밖에 당사의 원가 또는 원가를 추정할 수 있는 자료를 제일기획에 제출하지 않았음을 확인합니다.
H62: `

Sheet 3-9. 보험 및 진행비
B2: 거래명세서 (보험 및 진행비)
D3: 공급받는자 | F3: [ 전시 / 리테일 ] | H3: 공급자
B4: CLIENT | D4: ㈜제일기획 | F4: 아래와 같이 견적 합니다. [산출물 : 제작결과물] | H4: 회사명 | I4: 원리테일익스페리언스코리아리미티드(영업소)
B5: JOB | D5: 2026 삼성전자 World IT Show 운영 | H5: 대표이사 | I5: 김동진
B6: Job No. | D6: K2S26915001 | H6: 사업자등록번호 | I6: 839-84-00015
B7: 거래가격 | D7: =H17 -> 1502410 | E7: (VAT별도) | H7: 사업장주소 | I7: 서울시 강남구 학동로 105, 3층(논현동, 제이빌딩)
B8: 담당자/연락처 | D8: 허진영 프로 | H8: 담당자/연락처 | I8: 문정기 프로
B11: 부문 | C11: 항목 | D11: 세부내역 | E11: 소항목 | F11: 단위 | G11: 수량 | H11: 금액 | I11: 비고
B12: 6. 보험 및 진행비 | C12: 보험 | D12: 행사 보험 | E12: 관람객 배상 책임 보험 가입 | F12: 건 | G12: 1 | H12: =886000*1.1 -> 974600 | I12: ○ 04/22-04/24 운영기간 행사 보험 - 보장 내역 : 영업 배상 책임 보함 : 대인 150,000,000원/ 1인당 , 300,000,000/ 1사고당 : 대물 150,000,000원/ 1사고당 : 구내 치료비 2,000,000원/ 1인당, 40,000,000/ 1사고당 / 책임보험 협력사 가입수수료 10% 포함가
D13: 현장 근무자 보험료 | F13: 건 | G13: 1 | H13: 307710 | I13: ○ 세부현황 - 팬큐레이터 29인, 슈퍼바이저(제품팀장) 6인, 운영요원 12인, 총 47인 10/21~10/24 (4일)
C14: 이동 교통비 | D14: 제품 테스트 및 물자 인계 이동비 | F14: 식 | G14: 1 | H14: 70100 | I14: ○ 이동 택시비 - 26.04.03 한남동(RX) → 서교동(삼성스토어 홍대) / 갤럭시XR 테스트 및 버즈4 수령 - 26.04.09 한남동(RX) → 서교동(삼성스토어 홍대) / 갤럭시XR 및 비전 AI 컴패니언 테스트 - 26.04.15 한남동(RX) → 서초동(삼성 강남) / 미디어데이 답사 및 인계 물자 점검 - 26.04.17 한남동(RX) → 서초동(삼성 강남) / 미디어데이 인계 물자 수령 - 26.04.17 서초동(삼성 강남) → 한남동(RX) / 미디어데이 인계 물자 이동
C15: 진행비 | D15: VIP 주차 지원 | F15: 건 | G15: 5 | H15: 150000 | I15: ○ VIP 주차지원 - 26.04.21 김경태 상무님 종일 주차권 등록 - 26.04.22 김태경 상무님 종일 주차권 등록 - 26.04.22 정호진 부사장님 종일 주차권 등록 - 26.04.22 박정일 상무님 종일 주차권 등록 - 26.04.23 장소연 부사장님 종일 주차권 등록
C16: 보험비 및 진행비 소계 | H16: =SUM(H12:H15) -> 1502410
B17: 총 계 | H17: =SUM(H16) -> 1502410
A18: ※ 당사는 본 견적서에 당사의 원가 또는 원가를 추정할 수 있는 정보를 기입하지 않았으며, 이 밖에 당사의 원가 또는 원가를 추정할 수 있는 자료를 제일기획에 제출하지 않았음을 확인합니다.
