Workbook

Sheet ★1. 공통_거래명세서★
B1: 거래명세서 (공통)
B2: 공급받는자 | E2: [ 행사 표준 견적서 ] | H2: 공급자
B3: CLIENT | E3: 아래와 같이 견적 합니다. | H3: 회사명
B4: PROJECT | H4: 대표자
B5: PROJECT No. | H5: 사업자번호
B6: 견적금액 | C6: =H31 -> #REF! | D6: (VAT별도) | H6: 주소
B7: 담당자/연락처 | H7: 담당자/연락처
B11: 구분 | C11: 항목 | D11: 소항목 | E11: 세부내역 | F11: 인원 | G11: 수량(일수) | H11: 금액 | I11: 비고
B12: 공통 | C12: 공간디자인 | D12: 더현대서울 | E12: 디자인 개발 | F12: 5 | G12: ='참고)공통기획, 디자인, 실시설계 인건비 기준'!G5 -> 22 | H12: ='1-1)공통_더현대서울'!J9 -> 85000000 | I12: 1-1)공통_더현대서울
E13: 실시 설계 | F13: 3 | G13: ='참고)공통기획, 디자인, 실시설계 인건비 기준'!G18 -> 11 | H13: ='1-1)공통_더현대서울'!J13 -> 20000000 | I13: 1-1)공통_더현대서울
D14: 홍대점 | E14: 디자인 개발 | F14: 3 | G14: ='참고)공통기획, 디자인, 실시설계 인건비 기준'!G10 -> 14 | H14: ='1-2)공통_홍대점'!J7 -> 32000000 | I14: 1-2)공통_홍대점
E15: 실시 설계 | F15: 3 | G15: ='참고)공통기획, 디자인, 실시설계 인건비 기준'!G21 -> 9 | H15: ='1-2)공통_홍대점'!J11 -> 17000000 | I15: 1-2)공통_홍대점
D16: 삼성강남 | E16: 디자인 개발 | F16: 3 | G16: ='참고)공통기획, 디자인, 실시설계 인건비 기준'!G14 -> 20 | H16: ='1-3)공통_삼성강남'!J8 -> 46000000 | I16: 1-3)공통_삼성강남
E17: 실시 설계 | F17: 3 | G17: ='참고)공통기획, 디자인, 실시설계 인건비 기준'!G24 -> 9 | H17: ='1-3)공통_삼성강남'!J12 -> 16000000 | I17: 1-3)공통_삼성강남
C18: 공간디자인 소계 | H18: =SUM(H12:H17) -> 216000000
C19: 공간디자인 합계 | H19: =TRUNC(H18,-3) -> 216000000
C20: 그래픽 | D20: 갤럭시스튜디오 | E20: 디자인 개발 | F20: 2 | G20: ='참고)공통기획, 디자인, 실시설계 인건비 기준'!G28 -> 21 | H20: ='1-4)공통_그래픽'!J7 -> 15000000 | I20: 1-4)공통_그래픽
C21: 그래픽 소계 | H21: =SUM(H20:H20) -> 15000000
C22: 그래픽 합계 | H22: =TRUNC(H21,-3) -> 15000000
C23: 샘플실 | D23: 기획 | E23: 샘플실 임대료 | H23: =#REF! -> #REF! | I23: 1-5)공통_샘플실
D24: 샘플 제작 | E24: 집기제작 | H24: =#REF! -> #REF! | I24: 1-5)공통_샘플실
E25: 전시공사 | H25: =#REF! -> #REF! | I25: 1-5)공통_샘플실
E26: 필수보험료 | H26: =#REF! -> #REF! | I26: 1-5)공통_샘플실
C27: 샘플실 소계 | H27: =SUM(H23:H26) -> #REF!
C28: 샘플실 합계 | H28: =H27 -> #REF!
B29: 공통 소계 | H29: =SUM(H19,,H22,H28) -> #REF!
B30: 대행수수료 | H30: =H23*10%+H26*5%+(H29-H23-H26)*17.65% -> #REF!
B31: 공통 총계 | H31: =SUM(H29:H30) -> #REF!

Sheet 참고)공통기획, 디자인, 실시설계 인건비 기준
B2: 기획 및 디자인 인건비 금액 기준표
J3: *25년 엔지니어링 기술자 및 SW 기술자 노임 단가 기준
B4: 구분 | C4: 항목 | D4: 세부내역 | E4: 투입률 100% 기준 합계 | F4: 인원 | G4: 수량 | H4: 투입률 | I4: 비용 | J4: 비고 | L4: 구분 | M4: 직접인건비 | N4: 직접경비 | O4: 제경비 | P4: 기술료 | Q4: 최종 방향 금액 | R4: ** <참고자료> 「엔지니어링산업 진흥법」 제31조제2항에 따른 엔지니어링사업의 대가의 기준 "실비정액가산방식"
B5: 디자인 개발 | C5: 더현대서울 | D5: 특급 기술자 | E5: =VLOOKUP(D5,$L$4:$Q$8,6,FALSE) -> 637725.94 | F5: 1 | G5: 22 | H5: 1.5 | I5: =E5*G5*H5*F5 -> 21044956 | J5: 2025.05.26 ~ 2025.06.26 | L5: 특급 기술자 | M5: 358273 | N5: =M5*0.1 -> 35827.3 | O5: =M5*0.2 -> 71654.6 | P5: =(M5+O5)*0.4 -> 171971.04 | Q5: =SUM(M5:P5) -> 637725.94 | R5: 직접인건비
D6: 고급 기술자 | E6: =VLOOKUP(D6,$L$4:$Q$8,6,FALSE) -> 535744.4 | F6: 1 | G6: 22 | H6: 1.5 | I6: =E6*G6*H6*F6 -> 17679565 | L6: 고급 기술자 | M6: 300980 | N6: =M6*0.1 -> 30098 | O6: =M6*0.2 -> 60196 | P6: =(M6+O6)*0.4 -> 144470.4 | Q6: =SUM(M6:P6) -> 535744.4 | R6: 직접경비: 직접인건비의 10%
D7: 중급 기술자 | E7: =VLOOKUP(D7,$L$4:$Q$8,6,FALSE) -> 505601.88 | F7: 2 | G7: 22 | H7: 1.5 | I7: =E7*G7*H7*F7 -> 33369724 | L7: 중급 기술자 | M7: 284046 | N7: =M7*0.1 -> 28404.6 | O7: =M7*0.2 -> 56809.2 | P7: =(M7+O7)*0.4 -> 136342.08 | Q7: =SUM(M7:P7) -> 505601.88 | R7: 제경비: 직접인건비의 20%
D8: 초급 기술자 | E8: =VLOOKUP(D8,$L$4:$Q$8,6,FALSE) -> 398086.32 | F8: 1 | G8: 22 | H8: 1.5 | I8: =E8*G8*H8*F8 -> 13136849 | L8: 초급 기술자 | M8: 223644 | N8: =M8*0.1 -> 22364.4 | O8: =M8*0.2 -> 44728.8 | P8: =(M8+O8)*0.4 -> 107349.12 | Q8: =SUM(M8:P8) -> 398086.32 | R8: 기술료: (직접인건비+제경비)의 40%
C9: 소계 | I9: =TRUNC(SUM(I5:I8),-6) -> 85000000
C10: 홍대점 | D10: 고급 기술자 | E10: =VLOOKUP(D10,$L$4:$Q$8,6,FALSE) -> 535744.4 | F10: 1 | G10: 14 | H10: 1.5 | I10: =E10*F10*G10*H10 -> 11250632 | J10: 2025.06.09 ~ 2025.06.26 | L10: 투입률 (근로 100% = 1일 8시간) | N10: ** <참고자료> 「근로기준법」 제56조(연장ㆍ야간 및 휴일 근로)에 따른 투입률 기준 산정 방식, 해당 기준 이내 근로 투입
D11: 중급 기술자 | E11: =VLOOKUP(D11,$L$4:$Q$8,6,FALSE) -> 505601.88 | F11: 2 | G11: 14 | H11: 1.5 | I11: =E11*F11*G11*H11 -> 21235279 | L11: 0.6 | M11: =L11*8 -> 4.8 | N11: 1 | O11: 주간 근로 | P11: 1일 8시간
C12: 소계 | I12: =TRUNC(SUM(I10:I11),-6) -> 32000000 | L12: 0.8 | M12: =L12*8 -> 6.4 | N12: 1.5 | O12: 연장 근로 | P12: 1일 8시간, 주 40시간(법정근로시간)을 초과하는 근로시간으로 소정근로시간을 초과한 근로 / 통상임금의 100분의 50 이상 가산
C13: 삼성강남 | D13: 특급 기술자 | E13: =VLOOKUP(D13,$L$4:$Q$8,6,FALSE) -> 637725.94 | F13: 1 | G13: 20 | H13: 1.2 | I13: =E13*F13*G13*H13 -> 15305423 | J13: 2025.05.28 ~ 2025.06.26 | L13: 1 | M13: =L13*8 -> 8 | N13: 1.5 | O13: 야간 근로 | P13: 오후 10시 ~ 다음날 오전 6시 사이의 근로 / 통상임금의 100분의 50 이상 가산
D14: 고급 기술자 | E14: =VLOOKUP(D14,$L$4:$Q$8,6,FALSE) -> 535744.4 | F14: 1 | G14: 20 | H14: 1.5 | I14: =E14*F14*G14*H14 -> 16072332 | L14: 1.2 | M14: =L14*8 -> 9.6 | N14: 1.75 | O14: 휴일 근로 | P14: 소정근로일이 아닌 휴일(공휴일 포함)에 일한 근로시간 / 8시간 이내의 휴일근로 : 통상임금의 100분의 50 이상 가산, 8시간 초과 휴일근로 : 통상임금의 100분의 100 가산
D15: 중급 기술자 | E15: =VLOOKUP(D15,$L$4:$Q$8,6,FALSE) -> 505601.88 | F15: 1 | G15: 20 | H15: 1.5 | I15: =E15*F15*G15*H15 -> 15168056 | L15: 1.5 | M15: =L15*8 -> 12
C16: 소계 | I16: =TRUNC(SUM(I13:I15),-6) -> 46000000
B17: 디자인 개발비 합계 | I17: =SUM(I9,I12,I16) -> 163000000
B18: 실시설계 | C18: 더현대서울 | D18: 고급 기술자 | E18: =VLOOKUP(D18,$L$4:$Q$8,6,FALSE) -> 535744.4 | F18: 1 | G18: 11 | H18: 1.2 | I18: =E18*F18*G18*H18 -> 7071826.1 | J18: 2025.06.27 ~ 2025.07.11
D19: 중급 기술자 | E19: =VLOOKUP(D19,$L$4:$Q$8,6,FALSE) -> 505601.88 | F19: 2 | G19: 11 | H19: 1.2 | I19: =E19*F19*G19*H19 -> 13347890
C20: 소계 | I20: =TRUNC(SUM(I18:I19),-6) -> 20000000
C21: 홍대점 | D21: 고급 기술자 | E21: =VLOOKUP(D21,$L$4:$Q$8,6,FALSE) -> 535744.4 | F21: 2 | G21: 9 | H21: 1.2 | I21: =E21*F21*G21*H21 -> 11572079 | J21: 2025.06.27 ~ 2025.07.09
D22: 중급 기술자 | E22: =VLOOKUP(D22,$L$4:$Q$8,6,FALSE) -> 505601.88 | F22: 1 | G22: 9 | H22: 1.2 | I22: =E22*F22*G22*H22 -> 5460500.3
C23: 소계 | I23: =TRUNC(SUM(I21:I22),-6) -> 17000000
C24: 삼성강남 | D24: 고급 기술자 | E24: =VLOOKUP(D24,$L$4:$Q$8,6,FALSE) -> 535744.4 | F24: 1 | G24: 9 | H24: 1.2 | I24: =E24*F24*G24*H24 -> 5786039.5 | J24: 2025.06.27 ~ 2025.07.09
D25: 중급 기술자 | E25: =VLOOKUP(D25,$L$4:$Q$8,6,FALSE) -> 505601.88 | F25: 2 | G25: 9 | H25: 1.2 | I25: =E25*F25*G25*H25 -> 10921001
C26: 소계 | I26: =(TRUNC(SUM(I24:I25),-6)) -> 16000000
B27: 실시설계비 합계 | I27: =SUM(I20,I23,I26) -> 53000000
B28: 그래픽 | C28: 갤럭시스튜디오 | D28: 고급 기술자 | E28: =VLOOKUP(D28,$L$4:$Q$8,6,FALSE) -> 535744.4 | F28: 1 | G28: 21 | H28: 0.6 | I28: =E28*F28*G28*H28 -> 6750379.4 | J28: 2025.06.02 ~ 2025.07.02
D29: 중급 기술자 | E29: =VLOOKUP(D29,$L$4:$Q$8,6,FALSE) -> 505601.88 | F29: 1 | G29: 21 | H29: 0.8 | I29: =E29*F29*G29*H29 -> 8494111.6
C30: 소계 | I30: =TRUNC(SUM(I28:I29),-6) -> 15000000
B31: 그래픽비 합계 | I31: =I30 -> 15000000

Sheet 1-1)공통_더현대서울
B1: 증빙 상세 내역(공통_더현대서울)
B3: 구분 | C3: 항목 | D3: 소항목 | E3: 기술자 | G3: 인원 | H3: 최종일수 | I3: 투입률 | J3: 금액 | K3: 비고 | L3: 사진 | M3: 공시된 엔지니어링 업체 노임 단가 기준표
B4: 공간디자인 | C4: 디자인 개발 | D4: ○1차_프로젝트 총괄, 제안서 기획, 작성(5일) ○2차_각 베뉴별 기본설계, 2D 디자인, 3D 작업(12일) -투시도 작업 및 수정 보완 -사인 그래픽 2D 작업, 수정 보완 -기본 평입면도 ○3차_마감 스펙 제안(5일) | E4: 참여인력 | F4: 특급기술자 | G4: ='참고)공통기획, 디자인, 실시설계 인건비 기준'!F5 -> 1 | H4: ='참고)공통기획, 디자인, 실시설계 인건비 기준'!G5 -> 22 | I4: ='참고)공통기획, 디자인, 실시설계 인건비 기준'!H5 -> 1.5 | J4: ='참고)공통기획, 디자인, 실시설계 인건비 기준'!I5 -> 21044956 | K4: ○기간: 2025.05.26 ~ 2025.06.26 (22일) * 25년 엔지니어링 건설 기술자 노임 단가 기준 (직접인건비, 직접경비, 제경비, 기술료 포함) [공간디자인 및 실시설계] 직접경비: 직접인건비의 10% 제경비: 직접인건비의 20% 기술료: (직접인건비+제경비)의 40%
F5: 고급기술자 | G5: ='참고)공통기획, 디자인, 실시설계 인건비 기준'!F6 -> 1 | H5: ='참고)공통기획, 디자인, 실시설계 인건비 기준'!G6 -> 22 | I5: ='참고)공통기획, 디자인, 실시설계 인건비 기준'!H6 -> 1.5 | J5: ='참고)공통기획, 디자인, 실시설계 인건비 기준'!I6 -> 17679565
F6: 중급기술자 | G6: ='참고)공통기획, 디자인, 실시설계 인건비 기준'!F7 -> 2 | H6: ='참고)공통기획, 디자인, 실시설계 인건비 기준'!G7 -> 22 | I6: ='참고)공통기획, 디자인, 실시설계 인건비 기준'!H7 -> 1.5 | J6: ='참고)공통기획, 디자인, 실시설계 인건비 기준'!I7 -> 33369724
F7: 초급기술자 | G7: ='참고)공통기획, 디자인, 실시설계 인건비 기준'!F8 -> 1 | H7: ='참고)공통기획, 디자인, 실시설계 인건비 기준'!G8 -> 22 | I7: ='참고)공통기획, 디자인, 실시설계 인건비 기준'!H8 -> 1.5 | J7: ='참고)공통기획, 디자인, 실시설계 인건비 기준'!I8 -> 13136849
C8: 디자인 개발 소계 | J8: =SUM(J4:J7) -> 85231094
C9: 디자인 개발 합계 | J9: =TRUNC(J8,-6) -> 85000000
C10: 실시 설계 | D10: ○실시 설계(11일) - 인허가 관련 대관 업무 - 현장 정밀 실측 및 컨디션 조사 - 실시설계도 제작 | E10: 참여인력 | F10: 고급기술자 | G10: ='참고)공통기획, 디자인, 실시설계 인건비 기준'!F18 -> 1 | H10: ='참고)공통기획, 디자인, 실시설계 인건비 기준'!G18 -> 11 | I10: ='참고)공통기획, 디자인, 실시설계 인건비 기준'!H18 -> 1.2 | J10: ='참고)공통기획, 디자인, 실시설계 인건비 기준'!I18 -> 7071826.1 | K10: ○기간: 2025.06.27 ~ 2025.07.11 (11일) * 25년 엔지니어링 건설 기술자 노임 단가 기준 (직접인건비, 직접경비, 제경비, 기술료 포함) [공간디자인 및 실시설계] 직접경비: 직접인건비의 10% 제경비: 직접인건비의 20% 기술료: (직접인건비+제경비)의 40%
F11: 중급기술자 | G11: ='참고)공통기획, 디자인, 실시설계 인건비 기준'!F19 -> 2 | H11: ='참고)공통기획, 디자인, 실시설계 인건비 기준'!G19 -> 11 | I11: ='참고)공통기획, 디자인, 실시설계 인건비 기준'!H19 -> 1.2 | J11: ='참고)공통기획, 디자인, 실시설계 인건비 기준'!I19 -> 13347890
C12: 실시 설계 소계 | J12: =SUM(J10:J11) -> 20419716
C13: 실시 설계 합계 | J13: =TRUNC(J12,-6) -> 20000000
B14: 더현대서울 소계 | J14: =SUM(J9,J13) -> 105000000
B15: 대행수수료 | J15: =J14*17.65% -> 18532500
B16: 더현대서울 총계 | J16: =SUM(J14:J15) -> 123532500

Sheet 1-2)공통_홍대점
B1: 증빙 상세 내역(공통_홍대점)
B3: 구분 | C3: 항목 | D3: 소항목 | E3: 세부내역 | G3: 인원 | H3: 수량 | I3: 투입률 | J3: 금액 | K3: 비고 | L3: 사진 | M3: 공시된 엔지니어링 업체 노임 단가 기준표
B4: 공간디자인 | C4: 디자인 개발 | D4: ○1차_프로젝트 총괄, 제안서 기획, 작성(3일) ○2차_각 베뉴별 기본설계, 2D 디자인, 3D 작업(7일) -투시도 작업 및 수정 보완 -사인 그래픽 2D 작업, 수정 보완 -기본 평입면도 ○3차_마감 스펙 제안(4일) | E4: 참여인력 | F4: 고급기술자 | G4: ='참고)공통기획, 디자인, 실시설계 인건비 기준'!F10 -> 1 | H4: ='참고)공통기획, 디자인, 실시설계 인건비 기준'!G10 -> 14 | I4: ='참고)공통기획, 디자인, 실시설계 인건비 기준'!H10 -> 1.5 | J4: ='참고)공통기획, 디자인, 실시설계 인건비 기준'!I10 -> 11250632 | K4: ○기간: 2025.06.09 ~ 2025.06.26 (14일) * 25년 엔지니어링 건설 기술자 노임 단가 기준 (직접인건비, 직접경비, 제경비, 기술료 포함) [공간디자인 및 실시설계] 직접경비: 직접인건비의 10% 제경비: 직접인건비의 20% 기술료: (직접인건비+제경비)의 40%
F5: 중급기술자 | G5: ='참고)공통기획, 디자인, 실시설계 인건비 기준'!F11 -> 2 | H5: ='참고)공통기획, 디자인, 실시설계 인건비 기준'!G11 -> 14 | I5: ='참고)공통기획, 디자인, 실시설계 인건비 기준'!H11 -> 1.5 | J5: ='참고)공통기획, 디자인, 실시설계 인건비 기준'!I11 -> 21235279
C6: 디자인 개발 소계 | J6: =SUM(J4:J5) -> 32485911
C7: 디자인 개발 합계 | J7: =TRUNC(J6,-6) -> 32000000
C8: 실시 설계 | D8: ○실시 설계(9일) - 인허가 관련 대관 업무 - 현장 정밀 실측 및 컨디션 조사 - 실시설계도 제작 | E8: 참여인력 | F8: 고급기술자 | G8: ='참고)공통기획, 디자인, 실시설계 인건비 기준'!F21 -> 2 | H8: ='참고)공통기획, 디자인, 실시설계 인건비 기준'!G21 -> 9 | I8: ='참고)공통기획, 디자인, 실시설계 인건비 기준'!H21 -> 1.2 | J8: ='참고)공통기획, 디자인, 실시설계 인건비 기준'!I21 -> 11572079 | K8: ○기간: 2025.06.27 ~ 2025.07.09 (9일) * 25년 엔지니어링 건설 기술자 노임 단가 기준 (직접인건비, 직접경비, 제경비, 기술료 포함) [공간디자인 및 실시설계] 직접경비: 직접인건비의 10% 제경비: 직접인건비의 20% 기술료: (직접인건비+제경비)의 40%
F9: 중급기술자 | G9: ='참고)공통기획, 디자인, 실시설계 인건비 기준'!F22 -> 1 | H9: ='참고)공통기획, 디자인, 실시설계 인건비 기준'!G22 -> 9 | I9: ='참고)공통기획, 디자인, 실시설계 인건비 기준'!H22 -> 1.2 | J9: ='참고)공통기획, 디자인, 실시설계 인건비 기준'!I22 -> 5460500.3
C10: 실시 설계 소계 | J10: =SUM(J8:J9) -> 17032579
C11: 실시 설계 합계 | J11: =TRUNC(J10,-6) -> 17000000
B12: 홍대점 소계 | J12: =SUM(J7,J11) -> 49000000
B13: 대행수수료 | J13: =J12*17.65% -> 8648500
B14: 홍대점 총계 | J14: =SUM(J12:J13) -> 57648500

Sheet 1-3)공통_삼성강남
B1: 증빙 상세 내역(공통_삼성강남)
B3: 구분 | C3: 항목 | D3: 소항목 | E3: 세부내역 | G3: 인원 | H3: 수량 | I3: 투입률 | J3: 금액 | K3: 비고 | L3: 사진 | M3: 공시된 엔지니어링 업체 노임 단가 기준표
B4: 공간디자인 | C4: 디자인 개발 | D4: ○1차_프로젝트 총괄, 제안서 기획, 작성(5일) ○2차_각 베뉴별 기본설계, 2D 디자인, 3D 작업(10일) -투시도 작업 및 수정 보완 -사인 그래픽 2D 작업, 수정 보완 -기본 평입면도 ○3차_마감 스펙 제안(5일) | E4: 참여인력 | F4: 특급기술자 | G4: ='참고)공통기획, 디자인, 실시설계 인건비 기준'!F13 -> 1 | H4: ='참고)공통기획, 디자인, 실시설계 인건비 기준'!G13 -> 20 | I4: ='참고)공통기획, 디자인, 실시설계 인건비 기준'!H13 -> 1.2 | J4: ='참고)공통기획, 디자인, 실시설계 인건비 기준'!I13 -> 15305423 | K4: ○기간: 2025.05.28 ~ 2025.06.26 (20일) * 25년 엔지니어링 건설 기술자 노임 단가 기준 (직접인건비, 직접경비, 제경비, 기술료 포함) [공간디자인 및 실시설계] 직접경비: 직접인건비의 10% 제경비: 직접인건비의 20% 기술료: (직접인건비+제경비)의 40%
F5: 고급기술자 | G5: ='참고)공통기획, 디자인, 실시설계 인건비 기준'!F14 -> 1 | H5: ='참고)공통기획, 디자인, 실시설계 인건비 기준'!G14 -> 20 | I5: ='참고)공통기획, 디자인, 실시설계 인건비 기준'!H14 -> 1.5 | J5: ='참고)공통기획, 디자인, 실시설계 인건비 기준'!I14 -> 16072332
F6: 중급기술자 | G6: ='참고)공통기획, 디자인, 실시설계 인건비 기준'!F15 -> 1 | H6: ='참고)공통기획, 디자인, 실시설계 인건비 기준'!G15 -> 20 | I6: ='참고)공통기획, 디자인, 실시설계 인건비 기준'!H15 -> 1.5 | J6: ='참고)공통기획, 디자인, 실시설계 인건비 기준'!I15 -> 15168056
C7: 디자인 개발 소계 | J7: =SUM(J4:J6) -> 46545811
C8: 디자인 개발 합계 | J8: =TRUNC(J7,-6) -> 46000000
C9: 실시 설계 | D9: ○실시 설계(9일) - 인허가 관련 대관 업무 - 현장 정밀 실측 및 컨디션 조사 - 실시설계도 제작 | E9: 참여인력 | F9: 고급기술자 | G9: ='참고)공통기획, 디자인, 실시설계 인건비 기준'!F24 -> 1 | H9: ='참고)공통기획, 디자인, 실시설계 인건비 기준'!G24 -> 9 | I9: ='참고)공통기획, 디자인, 실시설계 인건비 기준'!H24 -> 1.2 | J9: ='참고)공통기획, 디자인, 실시설계 인건비 기준'!I24 -> 5786039.5 | K9: ○기간: 2025.06.27 ~ 2025.07.09 (9일) * 25년 엔지니어링 건설 기술자 노임 단가 기준 (직접인건비, 직접경비, 제경비, 기술료 포함) [공간디자인 및 실시설계] 직접경비: 직접인건비의 10% 제경비: 직접인건비의 20% 기술료: (직접인건비+제경비)의 40%
F10: 중급기술자 | G10: ='참고)공통기획, 디자인, 실시설계 인건비 기준'!F25 -> 2 | H10: ='참고)공통기획, 디자인, 실시설계 인건비 기준'!G25 -> 9 | I10: ='참고)공통기획, 디자인, 실시설계 인건비 기준'!H25 -> 1.2 | J10: ='참고)공통기획, 디자인, 실시설계 인건비 기준'!I25 -> 10921001
C11: 실시 설계 소계 | J11: =SUM(J9:J10) -> 16707040
C12: 실시 설계 합계 | J12: =TRUNC(J11,-6) -> 16000000
B13: 삼성강남 소계 | J13: =SUM(J8,J12) -> 62000000
B14: 대행수수료 | J14: =J13*17.65% -> 10943000
B15: 삼성강남 총계 | J15: =SUM(J13:J14) -> 72943000

Sheet 1-4)공통_그래픽
B1: 증빙 상세 내역(공통_그래픽)
B3: 구분 | C3: 항목 | D3: 소항목 | E3: 기술자 | G3: 인원 | H3: 수량 | I3: 투입률 | J3: 금액 | K3: 비고 | L3: 사진 | M3: 공시된 엔지니어링 업체 노임 단가 기준표
B4: 공간디자인 | C4: 그래픽 | D4: ○그래픽 디자인 전반(21일) - 디자인 컨셉 기획안&레퍼런스 조사 - 그래픽 에셋 디자인(그래피티) - 굿즈 디자인 | E4: 참여인력 | F4: 고급기술자 | G4: ='참고)공통기획, 디자인, 실시설계 인건비 기준'!F28 -> 1 | H4: ='참고)공통기획, 디자인, 실시설계 인건비 기준'!G28 -> 21 | I4: ='참고)공통기획, 디자인, 실시설계 인건비 기준'!H28 -> 0.6 | J4: ='참고)공통기획, 디자인, 실시설계 인건비 기준'!I28 -> 6750379.4 | K4: ○기간: 2025.06.02 ~ 2025.07.02 (21일) * 25년 엔지니어링 건설 기술자 노임 단가 기준 (직접인건비, 직접경비, 제경비, 기술료 포함) [공간디자인 및 실시설계] 직접경비: 직접인건비의 10% 제경비: 직접인건비의 20% 기술료: (직접인건비+제경비)의 40%
F5: 중급기술자 | G5: ='참고)공통기획, 디자인, 실시설계 인건비 기준'!F29 -> 1 | H5: ='참고)공통기획, 디자인, 실시설계 인건비 기준'!G29 -> 21 | I5: ='참고)공통기획, 디자인, 실시설계 인건비 기준'!H29 -> 0.8 | J5: ='참고)공통기획, 디자인, 실시설계 인건비 기준'!I29 -> 8494111.6
C6: 그래픽 소계 | J6: =SUM(J4:J5) -> 15244491
C7: 그래픽 합계 | J7: =TRUNC(J6,-6) -> 15000000
B8: 그래픽 소계 | J8: =J7 -> 15000000
B9: 대행수수료 | J9: =J8*17.65% -> 2647500
B10: 그래픽 총계 | J10: =SUM(J8:J9) -> 17647500
